gender,SeniorCitizen,Partner,Dependents,tenure,PhoneService,MultipleLines,InternetService,OnlineSecurity,OnlineBackup,DeviceProtection,TechSupport,StreamingTV,StreamingMovies,Contract,PaperlessBilling,PaymentMethod,MonthlyCharges,TotalCharges,Actual_Churn,Predicted_Churn
0,0,1,0,1,0,1,0,0,0,0,0,0,0,0,1,2,24.8,24.8,1,1
1,0,0,0,41,1,2,2,1,1,1,1,1,1,0,1,0,25.25,996.45,0,0
0,0,1,1,52,1,0,2,1,1,1,1,1,1,2,0,3,19.35,1031.7,0,0
0,0,0,0,1,1,0,1,0,0,2,0,0,0,0,0,2,76.35,76.35,1,1
1,0,0,0,67,1,0,0,0,0,0,2,0,0,2,0,0,50.55,3260.1,0,0
0,1,1,0,68,1,2,1,0,2,0,0,0,2,0,1,0,89.6,6127.6,1,0
0,0,1,1,23,1,2,0,2,0,2,2,2,0,2,1,0,77.15,1759.4,0,0
1,0,1,1,72,1,2,0,2,2,2,2,0,0,2,0,1,72.1,5016.65,0,0
1,0,0,0,70,1,2,1,2,0,0,2,2,2,2,1,1,104.0,7250.15,1,0
1,0,0,0,1,1,0,2,1,1,1,1,1,1,0,0,3,19.4,19.4,1,0
1,0,0,0,1,1,0,2,1,1,1,1,1,1,0,0,3,20.45,20.45,0,0
1,0,1,1,34,1,0,1,0,0,2,0,2,0,0,1,3,84.05,2909.95,0,0
1,1,1,1,28,1,2,0,0,0,0,0,0,0,1,1,2,51.0,1381.8,0,0
0,1,0,0,18,1,2,1,0,2,0,2,0,0,0,1,2,85.45,1505.85,1,1
0,0,1,0,15,1,0,2,1,1,1,1,1,1,0,0,1,20.45,330.8,0,0
0,1,0,0,11,1,2,1,0,0,0,0,2,2,0,1,0,95.15,997.65,1,1
1,0,0,0,11,1,2,0,0,0,2,0,0,0,0,0,2,53.75,608.0,1,0
1,0,1,1,1,1,0,1,0,0,0,0,0,0,0,1,2,70.0,70.0,1,1
0,0,1,1,37,1,2,1,0,2,0,0,2,0,0,1,2,88.8,3340.55,0,0
1,0,0,1,22,1,0,1,0,2,2,0,2,0,0,1,2,89.4,2001.5,1,0
0,0,0,0,1,1,0,1,0,0,0,0,0,0,0,1,2,70.25,70.25,0,1
0,0,1,1,1,1,0,2,1,1,1,1,1,1,0,0,2,19.45,19.45,0,0
1,0,1,1,46,1,2,1,0,2,0,0,0,0,0,1,0,80.0,3769.7,0,0
0,0,0,0,51,1,2,1,2,2,2,0,2,2,1,0,0,107.45,5680.9,0,0
0,0,1,0,41,1,0,1,2,2,2,0,2,2,1,1,0,104.45,4162.05,0,0
0,0,1,0,5,1,2,0,0,0,2,2,2,0,0,0,0,67.95,350.3,1,0
0,0,0,0,45,1,2,1,0,2,0,0,2,0,0,1,1,89.3,4016.85,1,0
1,0,1,1,29,1,0,0,2,0,0,0,0,2,0,1,3,60.2,1834.15,0,0
0,1,0,0,15,1,0,1,0,0,0,0,2,2,0,1,2,91.5,1400.3,0,1
1,0,0,0,72,0,1,0,2,2,2,2,2,2,2,1,0,63.7,4464.8,0,0
1,0,1,0,50,1,2,1,2,0,2,0,2,2,1,1,2,103.95,5231.3,0,0
1,0,0,1,27,1,0,2,1,1,1,1,1,1,2,0,3,20.6,581.85,0,0
1,0,1,0,72,1,2,0,0,2,2,2,2,2,2,1,0,85.15,6316.2,0,0
0,0,1,1,51,1,0,0,2,2,0,2,0,2,1,1,1,69.75,3562.5,0,0
0,0,1,0,60,1,2,1,2,2,0,0,0,2,0,1,1,94.1,5475.9,0,0
1,0,0,0,17,1,0,2,1,1,1,1,1,1,2,0,1,19.45,369.05,0,0
0,0,0,0,72,1,0,2,1,1,1,1,1,1,2,1,0,21.15,1419.4,0,0
0,0,1,0,33,1,2,1,0,2,2,0,2,2,0,1,2,104.4,3409.6,1,1
0,1,1,1,66,1,2,1,0,2,2,0,2,2,1,1,2,104.9,6891.45,0,0
0,0,1,1,69,1,2,1,0,2,2,0,2,2,0,1,2,103.95,7446.9,1,0
1,0,0,0,5,1,0,1,0,0,0,0,0,0,0,1,2,69.75,324.6,1,1
0,0,1,0,57,1,2,1,0,0,2,0,2,2,1,1,1,100.75,5985.0,0,0
0,1,0,0,8,1,2,1,0,0,0,0,0,0,0,1,2,75.75,606.25,1,1
0,0,0,0,14,1,0,0,0,2,0,0,0,0,1,0,1,51.45,727.85,0,0
1,0,0,0,25,1,2,1,0,0,0,0,2,2,0,1,0,94.7,2362.1,1,1
0,0,1,1,52,1,0,2,1,1,1,1,1,1,1,0,1,19.6,1012.4,0,0
0,1,0,0,7,1,0,1,2,0,0,0,0,0,0,0,0,76.45,503.6,1,0
1,0,0,0,13,1,0,1,0,2,2,0,0,0,0,1,2,79.8,973.45,1,0
0,1,0,0,15,1,2,1,0,2,0,0,0,2,0,0,2,89.85,1424.95,1,1
1,0,0,0,22,1,0,0,0,2,0,2,0,0,1,1,1,55.15,1193.05,1,0
0,0,0,0,19,1,0,2,1,1,1,1,1,1,0,0,3,19.9,367.55,0,0
1,0,1,1,23,0,1,0,0,0,0,2,0,0,0,1,0,30.35,678.75,0,0
0,0,1,0,72,1,2,1,2,2,2,2,2,2,2,1,0,113.65,8182.75,0,0
1,1,1,0,72,1,2,1,0,2,0,0,2,2,2,0,0,98.35,6929.4,0,0
0,0,1,1,59,1,2,1,0,2,0,2,0,2,0,1,0,96.65,5580.8,0,0
0,0,1,1,70,1,0,0,2,0,0,2,2,2,2,0,1,75.35,5437.75,0,0
1,0,1,1,70,1,0,1,2,2,2,2,2,0,2,1,1,101.1,6994.8,0,0
1,0,1,1,9,1,0,1,0,0,2,2,2,2,0,0,2,103.1,970.45,0,1
0,0,0,0,3,1,2,2,1,1,1,1,1,1,0,0,3,24.6,86.35,0,0
1,1,0,0,17,1,0,1,0,2,2,0,2,2,0,1,2,101.8,1752.45,0,1
0,0,1,1,28,1,0,1,0,0,0,0,0,0,1,1,0,70.4,1992.2,0,0
0,0,0,0,10,1,0,0,0,0,2,2,0,0,0,0,2,54.25,583.0,0,0
1,0,1,1,11,1,0,2,1,1,1,1,1,1,0,0,0,20.95,267.35,0,0
1,1,1,0,72,1,2,1,2,2,2,0,0,2,2,1,1,102.65,7550.3,0,0
1,0,0,0,8,1,0,1,0,0,0,0,0,0,0,1,3,70.1,551.35,1,1
1,1,0,0,69,1,0,2,1,1,1,1,1,1,2,0,1,20.3,1356.3,0,0
0,0,1,1,39,1,0,2,1,1,1,1,1,1,2,1,0,19.85,854.8,0,0
1,0,1,1,67,0,1,0,2,0,0,0,2,2,2,0,1,50.9,3281.65,0,0
1,0,0,0,39,1,0,2,1,1,1,1,1,1,1,0,3,19.9,791.15,0,0
1,0,1,1,54,1,2,0,2,2,0,2,0,0,2,1,1,65.65,3566.7,0,0
0,0,0,0,1,1,2,1,0,0,0,0,0,0,0,1,2,74.5,74.5,1,1
0,0,1,1,72,0,1,0,0,2,2,2,2,2,2,1,2,60.0,4264.0,0,0
1,0,0,0,10,1,2,1,2,0,0,0,2,2,0,0,2,98.55,1008.55,1,1
1,0,1,1,13,1,0,1,0,0,2,0,2,2,0,1,3,96.65,1162.85,1,1
0,0,0,0,35,1,0,1,0,0,2,2,2,2,1,1,2,99.25,3532.0,0,0
1,0,1,1,12,0,1,0,0,2,0,2,0,0,0,0,3,35.5,432.25,0,0
1,0,1,0,31,1,2,1,2,2,0,2,0,0,0,1,1,90.55,2929.75,0,0
0,0,1,1,53,1,0,1,0,2,2,2,2,2,0,1,0,108.25,5935.1,0,0
1,0,0,0,1,1,0,2,1,1,1,1,1,1,0,1,3,19.5,19.5,0,0
1,0,0,0,30,1,0,2,1,1,1,1,1,1,1,0,3,19.7,625.05,0,0
0,0,0,0,46,1,0,1,0,0,2,0,0,0,0,1,1,74.8,3548.3,0,0
0,0,1,0,19,1,2,1,0,0,2,0,0,2,0,0,3,89.65,1761.05,1,1
0,0,1,0,23,1,0,0,0,0,2,2,0,0,0,0,2,54.25,1221.55,0,0
0,1,0,0,15,1,2,0,0,0,0,2,0,0,0,0,1,55.0,757.1,1,0
1,0,0,0,48,1,0,2,1,1,1,1,1,1,2,0,1,20.15,982.95,0,0
1,0,0,1,25,1,0,1,0,2,0,0,2,2,0,1,2,95.9,2448.75,1,1
1,0,0,0,52,1,0,1,0,2,2,2,2,2,1,1,0,105.0,5426.85,1,0
1,0,0,0,12,1,0,1,2,0,2,0,0,0,0,0,0,81.7,858.6,1,0
0,0,0,0,48,1,2,2,1,1,1,1,1,1,1,0,0,24.55,1203.95,0,0
0,0,0,0,38,1,0,2,1,1,1,1,1,1,2,0,3,20.05,741.5,0,0
0,0,0,0,18,0,1,0,0,0,2,2,0,0,0,1,2,35.2,607.3,0,0
0,0,1,0,45,1,0,0,0,0,2,0,0,0,0,1,1,50.25,2221.55,0,0
1,0,0,0,12,1,2,1,0,0,2,0,2,0,0,1,2,89.55,1021.75,0,1
0,1,0,0,66,1,2,1,2,0,0,0,2,2,2,1,0,102.4,6471.85,0,0
0,0,0,0,72,1,0,2,1,1,1,1,1,1,2,0,1,20.25,1566.9,0,0
0,0,0,0,70,0,1,0,2,2,2,2,0,0,2,1,0,44.6,3058.15,0,0
0,0,1,0,27,1,2,1,0,0,2,0,0,2,0,0,0,90.15,2423.4,0,1
1,0,0,0,1,1,0,2,1,1,1,1,1,1,0,0,3,20.0,20.0,0,0
1,1,1,0,13,1,2,1,0,0,0,0,2,2,0,1,2,95.25,1233.65,1,1
0,0,1,1,65,1,2,0,2,2,2,2,2,2,2,1,3,90.45,5957.9,0,0
0,0,1,1,14,1,0,1,0,0,0,0,0,0,0,0,2,70.2,1046.5,0,0
0,0,1,1,17,1,2,1,0,0,0,0,0,2,0,1,2,85.45,1451.6,1,1
0,0,0,0,31,1,0,2,1,1,1,1,1,1,1,0,3,20.95,683.25,0,0
1,0,1,1,24,1,2,2,1,1,1,1,1,1,2,0,3,24.2,609.05,0,0
0,0,0,0,3,1,0,2,1,1,1,1,1,1,0,0,2,20.2,65.95,0,0
1,0,0,0,17,1,0,1,0,0,2,0,0,0,0,1,2,76.65,1313.55,1,1
1,0,0,0,66,1,2,0,2,2,2,2,0,0,2,0,0,68.75,4447.55,0,0
1,0,1,0,45,1,0,0,2,0,2,0,0,0,2,0,1,53.3,2296.25,0,0
1,0,1,0,35,1,2,1,0,0,0,2,2,0,0,1,1,91.5,3236.35,0,0
1,0,0,1,40,0,1,0,2,2,0,2,0,0,1,0,3,40.25,1564.05,0,0
0,0,0,0,10,1,0,1,2,0,0,0,2,0,0,1,3,84.7,832.05,1,1
0,0,1,0,52,1,0,0,2,0,2,0,2,0,1,1,3,64.3,3410.6,0,0
0,0,0,0,13,1,0,2,1,1,1,1,1,1,0,0,1,19.45,232.1,0,0
0,1,0,0,43,1,2,1,0,2,0,0,2,0,0,1,2,90.25,3838.75,0,0
0,0,0,0,41,1,0,2,1,1,1,1,1,1,0,0,2,20.45,775.6,0,0
0,1,0,0,52,0,1,0,0,2,2,2,2,0,0,1,2,50.5,2566.3,0,0
0,0,1,0,71,1,2,0,2,2,2,2,2,2,2,0,1,93.2,6506.15,0,0
1,0,0,0,61,1,2,1,2,0,2,0,2,2,0,1,2,106.45,6300.15,0,0
0,0,0,0,26,0,1,0,0,0,2,2,2,0,0,1,1,44.45,1183.8,0,0
1,0,1,1,72,1,0,0,2,2,0,2,2,0,2,0,0,68.4,4855.35,0,0
0,0,0,0,42,1,2,0,0,0,2,2,2,2,2,1,1,78.45,3373.4,0,0
0,0,1,1,57,1,2,0,2,2,0,2,0,0,0,0,0,65.2,3687.85,0,0
1,0,1,1,9,1,0,2,1,1,1,1,1,1,2,0,3,19.6,197.4,0,0
0,0,0,0,9,1,0,1,0,0,0,0,0,0,0,0,2,71.0,672.55,1,1
1,0,1,0,33,1,0,0,0,0,0,0,0,0,0,1,1,44.55,1462.6,0,0
1,0,0,0,1,1,0,2,1,1,1,1,1,1,0,0,3,19.45,19.45,0,0
0,0,0,0,7,1,0,1,0,0,0,0,2,0,0,1,2,79.0,522.95,1,1
1,0,0,0,1,1,0,1,0,0,0,0,0,0,0,1,3,71.55,71.55,1,1
1,0,1,1,65,1,0,2,1,1,1,1,1,1,2,0,3,19.9,1292.6,0,0
1,0,0,0,10,1,2,1,0,0,0,0,2,0,0,1,0,86.05,834.1,1,1
1,0,1,0,70,1,2,1,0,2,2,0,2,0,1,1,0,95.0,6602.9,0,0
0,0,0,0,29,1,2,1,0,0,2,0,2,2,0,1,1,98.6,2933.2,1,1
1,0,1,1,21,1,2,1,0,2,2,0,2,2,0,0,2,104.4,2157.95,1,1
1,0,1,0,1,1,0,1,0,0,0,0,2,2,0,1,2,90.75,90.75,1,1
1,0,0,0,5,1,0,2,1,1,1,1,1,1,0,0,3,20.25,109.8,0,0
1,0,1,0,56,1,0,1,0,0,0,0,2,2,0,0,3,89.7,4952.95,0,0
1,0,0,1,35,1,0,1,0,0,2,0,2,0,1,1,2,85.15,3030.6,1,0
1,0,1,1,10,1,0,2,1,1,1,1,1,1,1,0,3,20.45,242.4,0,0
0,0,0,0,31,0,1,0,2,2,0,2,0,2,2,1,0,49.85,1520.1,0,0
1,1,1,0,37,1,2,1,0,0,0,0,2,0,0,1,2,85.7,3171.15,1,1
1,1,1,0,57,1,2,1,0,2,2,0,0,2,0,1,0,95.25,5427.05,1,0
0,0,1,1,34,1,2,2,1,1,1,1,1,1,1,1,1,25.6,917.15,0,0
0,0,0,0,3,1,0,1,2,0,2,0,2,2,0,1,1,99.0,287.4,1,1
0,0,0,0,4,1,0,1,0,0,2,0,0,2,0,1,1,82.85,319.6,0,1
0,0,0,0,54,1,0,2,1,1,1,1,1,1,2,1,3,20.5,1035.7,0,0
1,0,0,1,6,1,0,2,1,1,1,1,1,1,0,0,3,19.7,111.65,0,0
1,0,1,0,22,1,0,0,2,0,0,0,2,0,1,1,0,59.75,1374.35,0,0
1,0,0,0,23,1,2,1,0,0,2,2,2,0,0,1,1,96.9,2085.45,0,0
0,0,1,0,68,1,2,0,2,0,0,2,0,0,1,0,0,58.25,3975.7,0,0
0,0,1,1,48,1,0,2,1,1,1,1,1,1,2,0,3,20.0,935.9,0,0
1,0,1,1,34,1,0,2,1,1,1,1,1,1,0,0,3,20.8,635.9,0,0
0,0,0,0,41,1,0,0,2,0,2,2,2,2,1,1,0,79.85,3320.75,0,0
1,0,0,0,9,1,2,1,0,0,0,0,0,0,0,1,2,75.85,724.65,0,1
0,1,0,0,18,1,2,1,0,2,0,2,2,2,0,1,1,103.6,1806.35,0,1
1,0,0,0,35,1,2,1,0,0,2,2,2,0,0,0,2,95.5,3418.2,0,0
1,0,1,1,55,1,0,1,0,2,0,2,0,0,0,0,2,79.4,4238.45,0,0
1,0,0,0,54,1,2,1,2,2,0,2,2,2,2,1,1,108.0,5760.65,0,0
0,1,0,0,2,1,2,1,0,0,2,0,0,0,0,1,2,78.55,149.55,1,1
1,0,1,0,52,1,0,1,2,2,2,2,2,2,2,1,2,106.3,5487.0,0,0
1,0,0,0,72,1,2,0,2,2,2,2,0,0,2,0,0,69.65,4908.25,0,0
1,0,1,0,9,1,0,0,0,0,2,0,2,2,0,1,3,70.05,564.4,0,1
0,0,1,1,3,1,0,1,0,0,0,0,0,0,0,1,2,69.55,200.2,0,1
1,1,0,0,4,1,0,1,2,0,0,0,0,0,0,0,2,75.35,273.4,0,0
1,0,1,1,69,1,0,0,2,2,2,2,2,0,2,1,0,75.75,5388.15,0,0
0,0,1,1,67,0,1,0,2,0,0,2,0,0,2,0,1,35.7,2545.7,0,0
1,0,0,0,4,1,0,1,0,0,0,0,0,2,0,1,2,79.9,324.3,1,1
1,0,0,0,13,0,1,0,2,0,0,2,2,0,0,1,1,45.55,597.0,1,0
0,0,1,1,45,1,0,0,2,0,2,2,2,2,2,1,3,81.0,3533.6,0,0
1,0,0,0,68,1,2,1,2,2,2,0,2,0,1,0,0,101.35,7110.75,0,0
0,0,1,1,69,1,2,0,2,2,0,2,2,0,1,0,1,73.7,4885.85,0,0
0,0,0,0,70,0,1,0,2,0,2,2,2,2,2,1,0,58.35,4214.25,0,0
0,0,0,0,1,1,0,2,1,1,1,1,1,1,0,1,3,19.9,19.9,1,0
0,0,1,1,45,1,2,2,1,1,1,1,1,1,1,1,1,25.9,1216.6,0,0
0,0,0,1,37,1,0,2,1,1,1,1,1,1,1,0,0,20.3,755.4,0,0
0,0,0,1,10,0,1,0,2,2,0,2,0,0,1,0,3,40.25,411.45,0,0
0,0,0,1,1,1,0,1,0,0,0,0,2,2,0,1,2,89.35,89.35,0,1
1,0,1,1,29,1,2,0,2,0,0,2,2,0,1,0,0,69.05,1958.45,0,0
1,1,1,1,72,1,0,1,2,0,2,2,2,2,2,1,1,104.1,7447.7,0,0
0,0,0,0,2,1,2,1,0,0,0,0,0,0,0,1,2,75.9,143.35,1,1
1,0,1,0,24,1,0,0,2,0,0,2,0,0,0,0,3,53.6,1315.35,0,0
0,0,0,0,4,1,0,1,0,0,0,0,0,2,0,1,2,79.15,317.25,1,1
1,0,1,0,72,1,0,2,1,1,1,1,1,1,2,0,1,19.3,1304.8,0,0
0,0,0,0,11,1,2,1,2,0,0,0,0,0,0,1,0,79.0,929.3,0,1
0,0,0,1,44,1,0,2,1,1,1,1,1,1,2,0,3,19.9,868.1,0,0
1,0,1,1,62,1,0,2,1,1,1,1,1,1,2,0,0,20.45,1297.35,0,0
1,0,1,1,70,1,2,2,1,1,1,1,1,1,2,0,3,25.4,1782.05,0,0
0,1,0,0,1,0,1,0,0,0,0,0,0,0,0,0,3,25.05,25.05,1,1
0,0,0,0,4,1,0,1,0,2,2,2,2,2,1,1,2,105.65,443.9,1,0
0,1,0,0,2,1,2,1,0,0,0,0,2,0,0,1,2,85.55,187.45,1,1
0,0,0,0,41,1,2,0,0,2,0,0,0,0,1,1,1,56.3,2364.0,0,0
0,1,0,0,1,1,0,2,1,1,1,1,1,1,0,1,2,19.45,19.45,1,0
1,1,1,0,72,1,2,0,2,2,2,0,2,2,2,1,1,84.1,5981.65,0,0
0,0,1,0,63,1,2,1,0,2,2,2,2,2,2,1,0,109.25,6841.4,0,0
1,0,0,0,68,1,0,1,0,2,2,0,0,0,1,0,1,79.6,5461.45,0,0
0,1,0,0,59,1,2,1,0,0,2,0,2,2,1,1,2,99.5,5890.0,0,0
1,1,0,0,52,0,1,0,2,0,0,0,2,2,0,1,1,48.8,2555.05,0,0
1,1,1,1,26,1,2,1,0,2,2,0,2,2,0,0,2,105.75,2710.25,1,1
1,0,1,0,66,0,1,0,2,2,2,2,2,0,2,1,0,56.6,3789.2,0,0
0,1,1,0,56,1,2,1,2,2,2,2,0,0,1,0,2,95.65,5471.75,0,0
0,0,1,0,72,1,2,0,2,2,2,2,2,0,2,0,1,79.2,5401.9,0,0
1,1,1,0,2,1,0,1,0,0,0,0,0,0,0,0,2,70.1,141.65,0,1
1,0,0,0,68,1,2,1,2,2,2,2,2,2,1,1,1,117.2,8035.95,0,0
1,0,1,1,61,1,0,0,2,2,2,2,2,2,1,0,0,84.9,5264.5,0,0
1,0,0,0,1,1,0,2,1,1,1,1,1,1,0,0,3,20.05,20.05,0,0
1,0,0,0,2,1,0,2,1,1,1,1,1,1,0,1,1,19.9,33.7,0,0
0,0,0,0,2,1,0,2,1,1,1,1,1,1,0,0,3,19.5,31.55,1,0
1,1,1,1,68,1,2,1,0,2,2,0,0,0,0,1,2,84.65,5683.6,0,0
1,0,0,0,9,1,0,0,2,0,2,2,0,2,0,1,0,68.25,576.95,0,0
1,0,0,0,13,1,0,1,0,0,2,0,2,0,0,1,2,83.2,1060.6,1,1
0,0,0,0,22,1,0,2,1,1,1,1,1,1,0,1,3,20.05,470.2,0,0
1,0,0,1,66,1,2,2,1,1,1,1,1,1,2,1,1,25.3,1673.8,0,0
1,0,0,1,8,1,0,2,1,1,1,1,1,1,0,0,3,20.35,178.7,0,0
1,0,1,1,2,1,0,1,0,0,0,0,0,0,0,0,3,69.95,143.9,0,1
1,0,1,0,3,1,0,0,0,0,2,2,0,0,0,1,3,55.8,154.55,0,0
1,0,0,0,5,1,2,1,0,0,2,0,2,0,0,1,2,92.5,452.7,1,1
1,0,0,0,13,1,0,2,1,1,1,1,1,1,2,0,1,20.0,268.45,0,0
1,0,1,1,53,1,0,0,0,2,0,2,2,0,0,0,1,65.0,3363.8,0,0
1,0,1,0,3,1,0,2,1,1,1,1,1,1,0,0,0,20.0,49.65,0,0
1,0,0,0,46,1,2,1,0,2,2,0,2,0,1,1,1,94.9,4422.95,0,0
0,0,0,0,39,0,1,0,2,2,0,2,0,0,1,1,0,40.3,1630.4,0,0
0,0,1,1,30,1,2,1,0,2,2,2,2,2,0,1,2,107.5,3242.5,0,0
0,0,0,0,23,1,2,1,0,2,0,0,2,2,0,1,1,98.7,2249.1,0,1
1,0,0,1,40,1,0,2,1,1,1,1,1,1,1,1,0,20.4,854.9,0,0
0,0,0,0,45,1,0,0,2,2,0,2,0,0,1,1,1,62.55,2796.45,0,0
1,0,0,0,53,1,0,2,1,1,1,1,1,1,2,0,0,19.65,978.0,0,0
0,1,1,0,72,1,2,1,2,2,2,0,2,2,2,1,2,112.4,8046.85,0,0
1,0,1,1,28,1,0,2,1,1,1,1,1,1,2,1,1,20.3,487.95,0,0
0,0,0,0,49,1,0,0,2,2,2,2,0,0,2,0,0,67.4,3306.85,0,0
1,0,1,0,1,1,2,1,0,0,0,0,0,0,0,1,0,74.6,74.6,1,1
0,0,1,0,20,1,0,1,0,0,2,2,0,0,0,1,3,81.0,1683.7,0,0
0,0,1,1,53,1,0,0,0,0,2,0,0,2,1,0,1,60.6,3297.0,0,0
1,0,1,0,67,1,0,0,2,2,0,2,0,2,2,1,1,69.2,4671.65,0,0
1,0,0,0,11,1,0,1,0,0,0,2,0,0,0,1,2,73.85,926.25,1,0
0,0,1,1,52,1,0,1,0,2,2,2,0,0,0,0,0,85.8,4433.3,0,0
0,0,0,0,1,1,0,1,0,0,0,0,2,2,0,0,2,90.55,90.55,1,1
0,0,0,0,48,1,0,0,2,2,0,0,0,0,2,0,1,55.5,2627.35,0,0
0,0,0,0,7,1,2,1,0,0,0,0,0,0,0,0,3,75.45,480.75,1,1
1,0,1,1,7,1,0,0,2,0,2,2,0,2,0,1,1,71.35,515.75,0,0
0,0,0,1,12,1,2,1,0,0,0,0,2,0,0,1,2,84.05,966.55,0,1
1,0,0,0,40,1,2,2,1,1,1,1,1,1,2,1,3,24.6,973.95,0,0
1,0,0,0,55,1,2,0,0,0,2,0,2,2,2,1,0,77.8,4323.35,0,0
0,0,0,0,20,1,0,2,1,1,1,1,1,1,1,0,3,19.5,403.15,0,0
1,0,0,0,1,0,1,0,0,0,0,0,0,2,0,1,2,35.55,35.55,1,1
0,0,1,1,72,1,2,0,2,0,2,2,2,2,2,1,0,84.2,5986.55,0,0
1,0,1,0,63,1,0,1,2,2,2,2,2,2,2,1,1,110.1,6705.7,0,0
0,0,1,0,70,0,1,0,2,2,2,2,2,2,2,0,0,64.55,4504.9,0,0
0,0,0,0,8,1,0,0,0,0,2,2,0,2,0,0,3,64.1,504.05,0,0
0,0,0,0,1,1,0,0,0,0,0,0,0,0,0,1,2,45.65,45.65,1,0
1,0,0,0,16,1,0,2,1,1,1,1,1,1,2,0,3,19.75,284.35,0,0
0,0,0,1,11,0,1,0,0,0,0,0,0,0,0,0,2,25.2,321.05,0,0
1,0,0,0,11,1,0,1,0,2,0,0,0,0,0,0,2,74.95,815.5,1,0
0,0,0,1,41,1,2,1,0,2,0,0,2,0,0,1,0,88.5,3645.05,0,0
1,0,0,1,14,1,0,0,2,2,2,2,0,2,2,0,0,76.1,1054.8,0,0
0,0,0,0,61,1,2,0,0,2,2,2,2,2,2,0,1,88.65,5321.25,0,0
0,0,0,0,20,1,0,1,2,0,2,0,2,0,0,1,0,89.4,1871.15,0,0
0,0,0,0,47,1,2,1,0,2,2,0,2,2,0,1,2,106.4,5127.95,1,1
1,0,1,1,2,1,0,0,2,2,0,2,0,0,2,0,3,59.5,130.5,0,0
1,0,1,1,41,1,0,0,2,2,2,0,0,0,1,1,0,60.3,2511.3,0,0
0,0,1,0,72,1,2,2,1,1,1,1,1,1,2,1,0,25.25,1841.2,0,0
0,0,1,1,72,1,2,0,2,2,2,2,2,0,2,0,0,80.2,5714.2,0,0
0,0,0,0,46,1,0,1,2,2,2,0,2,0,1,1,1,95.65,4664.2,0,0
1,0,0,0,1,1,0,2,1,1,1,1,1,1,0,0,3,19.8,19.8,1,0
1,0,0,1,29,0,1,0,2,2,2,2,0,0,0,1,3,45.0,1242.45,0,0
0,0,0,0,37,1,2,1,0,0,2,0,2,2,0,1,2,100.05,3810.55,0,1
1,0,0,0,19,1,0,0,0,0,0,2,2,0,0,1,1,61.55,1093.2,0,0
0,0,1,1,49,1,0,0,0,2,2,0,2,2,1,0,1,78.0,3824.2,0,0
1,0,0,1,13,1,0,0,0,0,0,0,0,0,0,0,3,44.0,659.35,0,0
0,0,0,0,22,1,0,0,2,0,0,0,0,0,0,1,2,49.8,1049.05,0,0
0,1,0,0,53,1,0,1,2,2,0,2,0,2,1,1,3,96.75,5206.55,0,0
1,0,0,0,24,1,0,0,2,0,0,0,0,0,0,1,0,49.55,1210.4,1,0
0,0,0,0,37,1,0,2,1,1,1,1,1,1,2,0,3,19.8,813.3,0,0
1,0,1,1,6,1,0,0,0,2,2,0,0,0,0,1,3,55.3,324.25,1,0
0,0,0,0,7,1,2,1,2,0,0,0,0,0,0,1,3,79.65,604.7,1,1
0,0,1,1,12,1,0,2,1,1,1,1,1,1,1,0,0,19.8,229.6,1,0
0,0,1,0,71,1,2,2,1,1,1,1,1,1,2,0,0,25.0,1753.0,0,0
1,0,1,1,26,1,2,0,0,0,2,2,2,2,1,1,1,82.0,2083.1,0,0
0,0,1,0,6,1,0,0,0,0,0,0,0,0,0,0,3,45.65,323.45,0,0
1,0,0,0,32,1,2,1,2,0,0,2,0,0,0,0,0,87.65,2766.4,0,0
0,0,1,0,47,1,0,0,0,2,0,0,2,0,0,1,0,58.6,2723.4,0,0
0,0,1,1,31,1,0,2,1,1,1,1,1,1,2,0,3,21.0,697.7,0,0
0,0,1,1,52,1,0,1,2,0,2,2,0,0,0,1,0,84.05,4326.8,0,0
0,0,1,0,60,0,1,0,0,2,2,2,2,2,2,0,1,60.8,3603.45,0,0
0,0,1,0,48,1,0,0,0,2,2,0,0,2,1,1,2,65.65,3094.65,0,0
1,0,0,0,45,1,0,2,1,1,1,1,1,1,1,0,0,18.85,867.3,0,0
0,0,0,0,39,1,0,1,0,0,2,2,0,0,2,1,2,80.45,3201.55,1,0
0,1,0,0,1,1,2,1,0,0,0,0,2,0,0,1,2,85.7,85.7,1,1
1,0,0,0,1,1,0,1,0,0,0,0,0,0,0,1,2,69.6,69.6,1,1
0,0,0,0,6,1,2,1,2,0,0,0,0,0,0,1,2,79.05,434.5,1,1
1,0,0,0,9,1,2,1,0,0,0,0,0,0,0,1,2,76.25,684.85,0,1
1,0,1,1,72,1,2,1,2,2,2,2,2,2,2,1,1,114.05,8468.2,0,0
1,1,1,0,71,0,1,0,0,2,2,0,2,2,0,1,0,52.3,3765.05,0,0
1,0,1,1,71,1,0,2,1,1,1,1,1,1,2,1,0,19.6,1387.45,0,0
0,0,1,0,64,1,2,1,2,0,2,0,2,0,2,1,1,94.6,5948.7,0,0
0,0,1,1,28,1,0,2,1,1,1,1,1,1,0,1,0,19.55,543.8,0,0
0,0,1,1,70,1,2,1,2,2,2,2,2,2,2,1,1,115.15,8250.0,0,0
1,1,0,0,39,1,2,1,0,0,0,0,2,2,0,1,0,95.65,3759.05,1,1
0,0,1,1,16,1,0,2,1,1,1,1,1,1,0,0,2,20.4,321.4,0,0
1,1,1,0,66,1,2,1,0,2,2,2,2,2,1,1,2,110.85,7491.75,1,0
0,1,0,0,21,1,2,1,0,0,0,0,2,2,0,1,0,95.4,2025.1,0,1
0,0,0,0,44,1,2,1,0,2,2,0,0,0,0,1,0,84.8,3862.55,1,0
0,1,1,0,54,1,0,1,0,0,2,2,2,2,1,1,2,99.1,5437.1,0,0
1,0,0,0,4,1,0,0,2,0,2,0,0,0,0,0,2,56.75,245.15,0,0
0,1,1,0,60,1,0,1,2,2,2,2,2,2,2,1,0,110.0,6668.35,0,0
1,0,0,0,26,1,2,1,2,2,0,0,2,0,0,1,1,92.4,2349.8,0,0
0,0,1,1,24,1,2,0,2,0,2,0,2,2,2,0,1,78.6,1846.65,0,0
1,0,1,1,53,1,0,2,1,1,1,1,1,1,2,1,3,19.4,1110.35,0,0
0,0,1,1,46,1,0,2,1,1,1,1,1,1,2,0,1,19.4,958.15,0,0
0,0,1,1,56,1,0,1,0,0,0,0,2,2,1,0,0,88.9,4968.0,0,0
0,0,0,0,7,1,0,0,2,0,0,0,0,2,1,1,2,59.1,369.25,0,0
0,0,0,0,1,1,2,1,0,0,0,0,0,2,0,0,3,85.8,85.8,1,1
1,0,0,0,1,1,0,0,0,0,0,0,0,0,0,1,3,45.55,45.55,0,0
1,0,1,0,60,1,0,2,1,1,1,1,1,1,2,0,3,19.95,1258.15,0,0
1,0,1,0,61,1,0,2,1,1,1,1,1,1,1,1,1,20.55,1252.0,0,0
0,0,1,0,42,0,1,0,0,2,0,2,0,0,1,0,3,33.55,1445.3,1,0
1,0,0,0,27,1,0,2,1,1,1,1,1,1,2,0,1,19.85,470.0,0,0
0,0,1,1,9,1,2,1,0,0,0,0,2,0,0,1,0,85.35,754.65,1,1
0,0,1,0,72,1,0,2,1,1,1,1,1,1,2,0,0,20.05,1423.65,0,0
0,0,0,0,23,1,0,2,1,1,1,1,1,1,1,1,1,19.65,478.1,0,0
0,1,0,0,47,1,2,1,0,2,0,2,2,0,0,1,2,95.05,4504.55,1,0
0,1,1,0,54,1,0,2,1,1,1,1,1,1,2,1,3,18.95,1031.1,0,0
1,1,1,0,2,1,0,1,0,0,2,0,2,2,0,1,1,95.5,181.65,0,1
1,0,1,0,38,0,1,0,2,2,0,2,2,2,2,1,0,60.0,2193.2,0,0
0,1,1,0,47,1,2,1,0,0,2,0,2,2,0,0,2,99.7,4747.2,0,1
1,0,1,0,22,1,0,0,2,0,0,2,0,0,1,1,1,56.25,1292.2,0,0
1,0,1,0,2,1,2,1,0,0,2,0,2,0,0,1,2,91.45,171.45,0,1
0,0,1,1,72,1,2,1,2,0,0,0,0,0,2,0,0,79.05,5730.7,0,0
1,1,1,0,58,0,1,0,0,2,2,0,0,2,0,1,2,45.3,2651.2,1,0
1,0,1,1,69,1,2,1,0,0,2,0,0,0,2,1,1,79.2,5420.65,0,0
1,0,0,0,18,1,2,0,2,0,2,0,2,0,0,0,3,69.5,1199.4,0,0
0,0,1,1,55,1,0,2,1,1,1,1,1,1,0,0,1,20.0,1087.25,0,0
0,0,0,0,46,1,2,1,0,0,2,0,2,2,1,1,2,101.1,4674.4,0,0
1,0,0,0,5,1,0,2,1,1,1,1,1,1,0,1,3,19.25,86.05,0,0
0,0,0,0,4,0,1,0,2,2,0,0,0,0,0,1,2,33.65,137.85,1,0
1,1,0,0,5,1,0,1,0,0,0,0,2,2,0,1,2,89.5,477.7,1,1
0,0,1,1,65,1,0,0,2,2,2,0,0,0,1,0,0,61.35,3874.1,0,0
1,0,0,0,35,1,0,2,1,1,1,1,1,1,2,0,0,21.45,705.45,0,0
0,1,0,0,45,1,2,1,2,2,0,2,2,0,0,1,2,97.05,4385.05,0,0
0,0,0,0,2,1,0,2,1,1,1,1,1,1,0,0,2,19.9,57.4,0,0
0,0,1,1,22,1,0,1,0,0,0,0,0,2,0,1,2,80.15,1790.65,0,1
1,0,1,1,70,1,2,0,2,0,2,0,2,0,2,0,1,68.95,4858.7,0,0
0,0,1,1,30,1,0,0,2,0,0,2,0,2,0,0,0,66.3,1923.5,0,0
1,0,0,0,61,1,2,1,2,2,2,0,2,2,1,1,2,107.75,6521.9,0,0
0,0,0,0,29,1,0,2,1,1,1,1,1,1,1,0,3,20.35,617.35,0,0
1,0,1,0,61,1,2,1,0,2,2,0,2,2,0,1,2,105.55,6281.45,1,0
1,0,1,1,25,1,0,1,0,0,0,0,2,2,1,1,2,90.4,2178.6,1,0
1,0,1,0,71,1,2,1,0,2,2,2,2,2,1,1,0,113.15,7953.25,0,0
0,0,1,0,1,0,1,0,0,0,0,0,0,2,0,0,2,35.0,35.0,0,1
0,0,1,1,62,1,2,0,0,0,0,0,2,2,0,1,1,70.45,4300.45,0,0
1,0,1,0,64,1,0,1,2,0,0,0,0,0,0,1,3,73.55,4764.0,0,0
0,0,1,1,64,1,2,0,2,2,2,2,2,2,2,1,3,90.6,5817.45,0,0
1,1,1,0,29,1,2,1,0,0,0,0,0,2,0,1,2,84.3,2357.75,0,1
0,0,0,0,2,1,0,0,2,0,0,0,2,2,0,1,2,70.75,146.9,1,0
1,0,0,0,1,1,0,2,1,1,1,1,1,1,0,0,0,19.65,19.65,0,0
1,0,0,0,1,1,0,0,0,2,0,0,0,0,0,0,3,50.65,50.65,1,0
0,0,1,1,45,1,2,2,1,1,1,1,1,1,2,1,1,24.65,1171.3,0,0
1,0,0,0,66,1,2,1,2,2,2,2,2,2,1,1,0,114.3,7383.7,0,0
0,0,1,0,54,1,2,1,2,2,0,0,2,2,1,0,0,106.55,5763.3,1,0
0,0,1,1,70,1,0,0,0,2,2,2,2,2,2,1,0,80.4,5717.85,0,0
1,1,1,0,37,1,2,1,0,0,0,0,2,2,0,1,2,92.5,3473.4,1,1
1,1,0,0,3,1,0,1,0,0,0,0,2,0,0,1,2,79.9,260.9,1,1
1,0,0,1,23,1,0,0,0,2,0,2,0,0,0,1,0,55.3,1284.2,0,0
0,1,1,0,60,1,2,1,0,0,2,0,2,2,1,1,1,100.5,6029.0,0,0
0,0,0,0,35,0,1,0,0,0,2,2,0,0,0,1,3,33.45,1175.85,0,0
0,0,1,1,27,1,0,1,2,0,0,0,0,0,0,0,3,74.4,1972.35,0,0
0,0,1,1,24,0,1,0,2,2,2,2,0,2,2,1,3,52.5,1208.15,0,0
0,1,0,0,2,1,2,1,0,0,0,0,2,2,0,1,2,93.85,170.85,1,1
1,0,1,0,67,1,0,1,2,2,0,0,0,2,1,1,1,90.6,6056.15,1,0
1,0,0,0,2,1,0,0,2,0,0,0,0,0,0,1,2,47.8,92.45,1,0
0,0,0,0,1,1,0,2,1,1,1,1,1,1,0,0,3,20.4,20.4,1,0
0,0,0,1,1,1,0,1,0,0,0,0,2,0,0,1,2,79.35,79.35,1,1
0,0,0,0,14,1,2,0,0,2,0,0,0,0,1,1,3,54.25,773.2,0,0
1,1,0,0,38,1,2,1,0,0,0,0,2,2,0,0,2,94.75,3653.0,0,1
0,0,0,0,1,1,0,1,0,0,0,0,0,0,0,1,2,70.1,70.1,1,1
0,0,1,0,2,1,0,1,0,0,0,0,0,0,0,1,1,70.4,154.8,0,1
0,0,0,0,12,1,2,1,2,0,0,0,0,0,0,1,2,78.95,927.35,1,1
1,0,1,1,31,1,2,1,2,0,2,0,2,0,1,0,0,98.05,3082.1,0,0
1,0,0,1,35,1,0,0,0,0,0,2,2,2,1,1,3,72.1,2495.15,0,0
1,1,1,0,72,1,2,1,2,2,2,0,2,2,2,1,0,109.55,7920.7,0,0
0,0,1,1,8,1,0,1,0,0,2,0,2,2,0,1,2,94.2,777.3,1,1
1,0,1,0,10,1,2,1,0,0,2,0,2,2,0,1,2,98.5,1037.75,1,1
0,1,0,0,5,1,0,1,0,0,0,0,0,0,0,1,3,69.05,318.5,1,1
1,0,1,1,63,1,2,0,2,2,2,0,2,2,2,0,1,83.5,5435.0,0,0
0,0,1,0,71,1,2,2,1,1,1,1,1,1,2,0,1,25.6,1888.25,0,0
0,1,0,0,46,1,2,1,0,2,2,0,2,2,0,1,2,104.45,4863.85,0,1
0,0,1,1,52,1,2,2,1,1,1,1,1,1,2,0,3,23.05,1255.1,0,0
1,0,0,0,1,1,0,0,0,0,0,0,0,0,0,0,3,46.3,46.3,1,0
1,0,0,0,1,1,0,1,0,0,0,0,0,2,0,0,2,79.6,79.6,1,1
0,0,0,0,72,1,2,1,2,2,2,2,2,2,2,1,1,112.75,8192.6,0,0
0,0,0,0,3,1,0,1,0,2,0,0,2,0,0,0,2,83.75,247.25,1,1
1,0,1,0,28,1,0,0,2,2,0,2,0,0,0,0,3,60.9,1785.65,0,0
0,0,1,1,39,1,0,0,2,0,0,0,0,0,0,0,1,51.05,2066.0,0,0
0,0,0,0,33,1,2,2,1,1,1,1,1,1,2,0,1,25.7,826.1,0,0
0,0,0,0,12,0,1,0,0,2,2,2,2,2,1,0,2,60.65,743.3,0,0
1,0,1,1,1,1,2,1,0,0,0,0,0,0,0,1,2,74.5,74.5,1,1
1,0,0,0,6,1,0,0,2,0,2,2,2,2,0,0,1,78.65,483.3,0,0
1,0,0,0,3,1,0,1,2,0,0,0,0,2,0,1,3,86.05,244.85,0,1
1,0,0,0,4,1,0,1,0,0,0,0,2,2,0,1,2,88.45,370.65,1,1
1,0,1,1,34,1,0,1,0,2,2,0,2,0,0,1,2,89.85,3091.75,0,0
1,0,0,0,1,1,0,2,1,1,1,1,1,1,0,0,3,19.95,19.95,0,0
0,1,0,0,15,1,0,1,2,0,2,2,0,2,0,1,3,96.3,1426.75,1,0
1,0,0,1,1,0,1,0,0,0,0,0,0,0,0,0,2,24.75,24.75,1,0
0,0,0,0,3,1,2,0,0,0,0,0,0,0,0,1,3,50.65,151.3,1,1
1,0,0,0,1,1,0,2,1,1,1,1,1,1,0,1,3,20.1,20.1,1,0
0,0,0,0,3,1,0,2,1,1,1,1,1,1,1,0,3,20.25,71.2,0,0
0,0,1,1,30,1,0,0,0,2,2,2,2,2,2,0,0,80.8,2369.3,0,0
0,0,0,0,5,1,0,0,2,0,0,2,0,0,0,0,1,53.85,259.8,1,0
1,1,0,0,68,1,0,2,1,1,1,1,1,1,2,1,1,20.0,1396.0,0,0
0,0,0,0,1,1,0,2,1,1,1,1,1,1,0,0,3,20.35,20.35,0,0
0,0,0,0,5,1,0,1,0,0,0,0,0,2,0,1,2,80.0,412.5,1,1
0,0,0,0,1,1,0,1,0,0,0,0,0,0,0,0,3,71.1,71.1,1,1
1,0,1,1,13,1,0,2,1,1,1,1,1,1,1,0,3,20.0,218.55,0,0
0,0,0,0,35,1,2,1,0,0,0,2,0,0,0,0,1,80.05,2835.9,0,0
1,0,1,1,4,1,0,1,0,0,0,0,0,0,0,1,3,69.55,284.9,0,1
1,0,0,0,9,0,1,0,0,0,0,0,0,0,0,1,2,24.95,190.25,0,1
0,1,0,0,45,1,0,1,2,2,0,2,0,0,0,1,0,85.7,3778.1,0,0
0,0,1,0,21,0,1,0,2,0,0,0,0,0,0,0,2,28.5,629.35,0,0
0,0,0,0,26,1,0,1,0,0,0,0,2,2,0,1,0,88.8,2274.35,1,1
0,0,0,0,1,1,2,1,0,0,0,0,0,2,0,1,2,85.0,85.0,1,1
0,1,0,0,2,1,2,1,0,0,2,0,0,2,0,1,2,88.55,179.25,1,1
0,0,0,0,11,1,0,0,0,0,0,2,2,2,0,0,3,70.5,829.3,0,0
0,0,1,0,59,1,2,1,2,2,2,0,2,2,1,1,1,109.15,6557.75,0,0
0,0,1,0,31,1,0,1,0,2,0,0,0,2,0,1,0,83.85,2674.15,0,0
0,0,1,1,54,1,2,2,1,1,1,1,1,1,1,1,0,24.75,1342.15,0,0
0,0,0,1,16,1,0,2,1,1,1,1,1,1,1,1,0,19.3,360.35,0,0
1,1,0,0,9,1,2,0,2,0,0,0,0,0,0,0,2,54.55,494.05,1,0
0,0,0,0,21,1,2,1,0,0,0,0,2,2,0,1,2,97.35,2119.5,1,1
1,0,0,0,1,1,0,2,1,1,1,1,1,1,0,0,1,20.75,20.75,0,0
0,0,0,0,23,1,2,0,2,0,0,0,0,0,0,0,2,54.4,1249.25,0,0
1,1,1,0,7,1,2,1,0,0,0,0,0,0,0,1,3,74.4,527.9,1,1
1,0,0,0,21,1,2,1,2,0,2,0,2,2,0,0,3,103.85,2215.0,0,1
0,0,1,0,65,1,2,1,0,2,2,2,2,2,2,1,0,107.65,7082.85,0,0
1,0,0,0,4,0,1,0,0,0,0,0,2,2,0,1,2,44.55,174.3,1,1
1,0,1,1,72,1,0,1,2,2,2,2,2,2,2,0,0,111.95,8033.1,0,0
1,1,1,0,68,0,1,0,2,2,2,0,0,0,2,1,2,41.95,2965.75,0,0
0,0,1,1,67,1,0,1,2,2,2,0,0,0,1,0,0,84.8,5598.3,0,0
1,0,0,0,1,1,0,1,0,0,0,0,0,2,0,1,2,79.25,79.25,1,1
0,0,1,0,69,1,0,1,0,2,0,0,2,2,1,1,1,95.65,6744.2,0,0
1,0,0,0,60,1,2,1,0,2,0,0,2,0,0,1,0,89.9,5450.7,0,0
1,0,0,0,3,1,0,1,0,0,2,2,2,0,0,1,3,88.35,262.05,1,1
1,0,1,1,63,0,1,0,2,2,2,0,2,2,2,0,2,59.0,3707.6,0,0
1,0,1,1,71,1,2,0,2,2,2,2,2,2,2,1,3,91.25,6589.6,0,0
0,0,0,0,35,1,2,0,2,0,2,2,2,2,1,1,1,85.95,3110.1,1,0
0,0,0,0,34,1,0,1,0,0,0,0,0,0,0,1,1,70.0,2416.1,1,0
1,0,1,1,53,1,0,0,2,2,0,2,2,0,2,1,3,69.7,3729.6,0,0
1,0,1,0,17,0,1,0,2,0,2,0,0,0,0,0,3,34.4,592.75,0,0
0,0,0,1,1,1,0,0,2,2,0,2,0,0,0,1,2,60.0,60.0,1,0
1,0,1,0,56,1,0,1,0,0,0,0,0,2,1,1,2,80.9,4557.5,0,0
1,0,1,1,7,1,0,0,2,0,0,0,0,0,1,1,2,49.75,331.3,1,0
1,0,1,0,67,1,2,1,0,2,2,2,2,2,2,1,0,111.3,7567.2,0,0
1,0,0,0,11,1,0,0,0,2,2,2,0,0,0,1,2,60.9,688.5,0,0
1,0,0,1,1,1,0,2,1,1,1,1,1,1,0,1,3,20.25,20.25,0,0
1,0,0,0,2,1,2,2,1,1,1,1,1,1,0,0,3,24.85,62.0,0,0
0,0,1,0,69,1,2,1,0,0,2,2,2,2,2,0,0,105.35,7240.65,0,0
1,0,0,0,1,1,0,1,0,0,0,0,2,0,0,1,2,79.95,79.95,1,1
0,0,0,0,21,1,0,1,0,2,2,0,0,2,0,1,2,90.05,1862.9,0,1
1,1,1,0,72,1,2,1,0,2,0,0,2,2,1,1,1,97.25,7133.1,0,0
0,1,0,0,2,1,2,1,0,0,0,0,0,2,0,1,2,84.05,186.05,0,1
1,0,0,0,57,1,0,2,1,1,1,1,1,1,2,0,3,20.75,1118.8,0,0
1,0,0,0,1,1,0,1,0,0,0,0,2,2,0,1,2,89.55,89.55,1,1
1,0,1,0,4,1,0,1,0,0,2,2,0,0,0,1,3,80.6,319.15,1,1
0,0,0,0,2,1,0,2,1,1,1,1,1,1,0,0,3,19.4,61.05,0,0
0,0,0,0,9,1,2,1,0,0,0,0,0,0,0,1,2,76.85,663.55,0,1
0,0,0,0,71,1,2,1,2,2,2,2,2,2,2,0,3,111.3,7985.9,0,0
0,0,1,1,13,1,0,2,1,1,1,1,1,1,0,0,3,18.8,251.25,0,0
1,0,1,1,50,1,0,0,0,0,0,0,0,0,1,1,0,44.8,2230.85,0,0
1,1,1,0,10,1,2,1,0,0,2,0,0,2,0,1,2,89.8,914.3,1,1
1,1,1,0,64,1,2,1,0,2,2,0,0,2,0,1,2,94.25,6081.4,0,0
0,0,1,1,1,1,0,1,0,0,0,0,0,0,0,1,2,69.8,69.8,1,1
1,0,0,0,2,0,1,0,0,0,0,0,0,0,0,1,1,24.9,49.7,0,1
0,0,0,0,30,1,2,1,0,2,2,2,2,2,1,0,1,110.45,3327.05,0,0
1,0,0,0,7,1,2,1,0,0,2,0,2,0,0,1,2,90.45,593.45,1,1
1,0,0,0,26,1,0,2,1,1,1,1,1,1,1,0,3,19.4,525.55,0,0
1,0,0,0,20,1,0,0,0,0,0,2,0,0,0,0,3,50.0,1003.05,0,0
0,0,1,0,72,1,2,2,1,1,1,1,1,1,2,1,3,26.0,1776.0,0,0
0,0,1,1,13,1,0,0,0,0,0,0,0,2,0,0,2,55.95,734.35,1,0
1,0,1,0,70,1,0,1,2,2,0,2,0,0,2,0,0,84.6,5706.2,0,0
1,0,0,0,3,0,1,0,0,0,0,2,0,0,0,1,2,29.75,96.85,0,1
1,0,0,0,2,1,2,1,0,0,0,0,0,0,0,1,2,76.5,162.45,1,1
0,1,1,0,72,1,2,1,2,2,2,2,2,2,2,1,1,115.75,8443.7,0,0
1,1,0,0,33,1,2,1,0,2,2,0,0,0,0,1,1,83.85,2716.3,1,0
1,1,0,0,15,1,0,1,0,2,0,0,0,0,0,1,2,74.4,1074.3,1,1
1,0,0,0,1,0,1,0,0,0,0,2,0,0,0,0,3,29.15,29.15,0,0
1,1,0,0,55,1,2,1,2,0,0,0,2,2,0,1,2,98.8,5617.75,1,0
1,0,1,1,5,1,2,0,2,2,0,2,0,0,0,0,1,64.4,316.9,0,0
1,0,1,0,3,1,2,1,0,0,0,2,0,0,0,1,0,79.65,251.75,1,1
0,0,0,0,65,1,2,1,2,2,0,2,0,0,1,1,2,89.85,5844.65,0,0
1,0,1,1,39,1,0,0,2,2,2,0,0,0,1,0,2,59.8,2343.85,0,0
1,0,1,0,70,1,2,2,1,1,1,1,1,1,2,0,0,25.15,1940.85,0,0
1,0,0,0,34,1,2,1,2,2,2,2,2,2,1,0,1,116.25,3899.05,0,0
1,0,1,0,30,1,2,0,0,0,0,0,0,0,0,0,2,49.9,1441.95,0,0
0,0,1,0,12,0,1,0,0,0,2,0,2,2,0,1,0,49.85,617.15,0,1
1,0,0,1,9,1,0,2,1,1,1,1,1,1,1,0,3,20.1,190.25,0,0
0,0,1,0,49,0,1,0,0,2,0,2,2,2,1,1,1,56.3,2780.6,0,0
0,0,1,0,7,1,0,0,0,0,0,0,0,0,0,1,3,44.25,313.45,0,0
0,1,1,0,38,1,0,1,2,0,0,0,0,2,0,1,2,83.45,3147.15,0,0
1,0,0,0,63,1,0,1,2,2,2,2,2,2,2,0,1,109.2,7049.75,0,0
1,1,0,0,1,1,0,1,0,0,0,0,0,0,0,1,2,71.65,71.65,1,1
1,0,0,0,30,1,2,1,0,0,0,2,0,2,0,1,1,89.9,2723.15,0,0
0,0,0,0,23,1,2,0,0,0,0,2,2,2,1,1,3,73.75,1756.6,0,0
0,0,0,0,57,1,0,0,0,2,2,2,2,0,2,0,3,69.75,3894.4,0,0
0,1,1,0,70,1,2,1,0,0,0,0,0,0,2,1,1,75.65,5411.4,0,0
1,0,0,1,71,1,2,1,2,0,2,0,2,2,2,0,0,106.7,7382.25,0,0
1,0,1,1,20,1,0,0,0,0,2,0,0,0,0,1,2,49.6,939.8,0,0
0,0,1,1,72,1,2,2,1,1,1,1,1,1,2,0,0,25.2,1787.35,0,0
1,0,0,0,22,1,0,1,0,0,0,0,0,0,0,1,3,69.7,1490.4,0,0
1,0,0,0,15,1,2,2,1,1,1,1,1,1,0,1,2,26.35,378.6,0,0
0,0,1,0,9,0,1,0,0,0,2,0,2,2,0,1,2,48.75,442.2,1,1
0,0,1,0,38,1,2,1,0,0,2,2,2,2,0,1,2,105.0,4026.4,1,1
1,1,1,0,7,0,1,0,2,0,0,0,0,0,0,0,0,29.8,220.45,0,0
0,0,1,0,26,1,0,0,0,2,0,2,2,2,0,1,2,73.05,1959.5,0,0
0,0,0,0,56,1,0,0,2,0,2,2,0,0,1,1,1,60.25,3282.75,0,0
0,0,1,0,49,1,0,2,1,1,1,1,1,1,1,1,0,20.05,923.1,0,0
0,0,0,0,3,1,0,1,0,0,0,0,0,0,0,1,2,70.25,229.7,0,1
1,1,1,0,1,1,2,1,0,0,0,0,0,0,0,1,2,74.4,74.4,1,1
0,1,1,0,70,1,0,2,1,1,1,1,1,1,2,1,1,19.55,1462.05,0,0
0,0,0,0,23,1,0,0,0,2,2,0,0,0,1,0,0,55.8,1327.85,0,0
0,0,0,0,65,1,0,0,2,2,0,2,0,0,2,1,3,59.6,3739.8,0,0
1,1,1,0,69,1,2,1,0,2,2,2,2,2,2,1,0,108.4,7318.2,1,0
0,0,0,0,1,1,0,0,0,0,0,0,0,2,0,1,2,55.4,55.4,1,1
1,0,0,0,24,1,0,1,0,0,0,0,2,2,0,1,2,90.35,2238.5,1,1
0,0,1,0,25,1,0,1,0,0,0,2,2,2,0,1,2,95.15,2395.7,0,1
0,0,0,0,17,1,0,2,1,1,1,1,1,1,1,0,0,19.9,323.15,0,0
1,0,1,0,32,1,0,0,2,2,0,2,0,2,1,0,3,70.5,2201.75,0,0
1,0,1,1,68,1,0,2,1,1,1,1,1,1,2,0,0,19.95,1377.7,0,0
0,0,1,1,70,1,0,2,1,1,1,1,1,1,2,1,1,20.15,1411.2,0,0
1,0,1,1,54,1,2,1,0,2,0,2,2,2,1,1,2,105.2,5637.85,0,0
0,0,0,0,15,1,0,2,1,1,1,1,1,1,0,0,0,19.4,289.3,1,0
1,0,1,1,71,1,2,0,2,2,0,2,0,0,1,1,1,66.85,4748.7,0,0
1,0,1,0,70,1,0,2,1,1,1,1,1,1,2,0,1,19.85,1433.8,0,0
0,1,1,0,53,1,2,1,0,0,0,0,2,2,1,1,1,95.85,5016.25,0,0
0,0,1,0,2,1,0,1,2,0,0,2,0,0,0,1,2,80.15,194.55,0,0
0,1,0,0,59,1,2,1,0,2,0,0,0,0,2,1,1,79.2,4590.35,0,0
0,0,0,0,22,1,2,1,0,0,0,0,2,0,0,1,0,84.15,1821.95,0,1
0,0,1,1,22,1,2,1,0,0,0,0,0,0,0,1,0,75.8,1615.1,0,1
0,0,1,0,57,0,1,0,2,0,2,2,0,2,0,1,0,49.9,2782.4,0,0
0,0,0,0,1,1,0,1,0,0,0,0,0,0,0,0,2,71.35,71.35,1,1
0,0,1,1,10,1,2,1,0,2,2,0,2,2,0,1,1,102.1,1068.85,1,1
0,1,1,0,55,1,2,0,0,0,0,0,0,0,0,0,0,51.65,2838.55,0,0
0,0,1,1,43,1,2,2,1,1,1,1,1,1,1,1,0,24.45,993.15,0,0
0,1,1,0,18,0,1,0,0,0,2,0,2,2,0,1,2,48.35,810.7,1,1
0,0,0,1,2,1,2,1,2,0,0,0,0,0,0,0,1,80.55,188.1,0,0
0,0,1,1,52,1,2,2,1,1,1,1,1,1,2,1,0,25.05,1270.25,0,0
1,0,1,0,60,1,0,0,2,2,0,2,0,0,2,1,3,61.35,3766.2,0,0
0,0,0,0,59,1,2,1,0,2,2,0,0,0,0,1,2,83.25,4949.1,0,0
0,0,0,0,69,1,2,1,0,0,2,2,2,2,2,0,2,104.0,7028.5,0,0
1,0,0,0,14,1,2,1,0,2,0,0,2,2,0,1,2,100.55,1415.55,1,1
0,0,1,1,43,0,1,0,2,0,2,2,2,2,1,1,1,60.4,2640.55,0,0
0,0,1,1,12,1,0,2,1,1,1,1,1,1,0,0,0,19.4,198.1,0,0
0,0,1,1,8,1,0,2,1,1,1,1,1,1,2,0,3,19.5,162.15,0,0
0,0,1,1,3,1,2,0,0,2,2,0,2,0,0,1,0,69.15,235.0,0,0
1,0,1,1,58,1,2,1,0,0,2,2,2,2,1,1,0,105.05,6004.85,0,0
0,0,1,1,13,1,0,0,2,0,2,0,0,2,0,1,3,63.15,816.8,0,0
1,0,0,0,23,1,0,2,1,1,1,1,1,1,1,0,0,20.15,405.6,0,0
0,0,1,0,17,1,2,1,2,0,0,0,0,0,0,0,2,78.9,1348.95,0,0
1,0,0,0,52,1,2,1,2,0,2,2,2,2,2,1,2,109.3,5731.4,0,0
1,0,1,0,32,1,2,1,0,0,2,0,0,0,0,1,2,78.9,2447.95,1,0
0,0,0,0,36,0,1,0,0,2,0,2,0,0,0,1,0,34.85,1267.2,0,0
1,1,0,0,67,1,2,2,1,1,1,1,1,1,2,0,1,25.1,1672.15,0,0
1,1,1,1,29,1,2,1,0,0,2,0,2,2,0,1,2,103.95,2964.8,0,1
0,0,0,0,65,1,2,1,2,2,2,0,2,2,0,1,1,111.05,7107.0,0,0
1,1,1,0,41,1,2,1,2,0,2,0,0,0,0,1,0,83.75,3273.55,1,0
1,0,1,1,60,1,0,0,2,2,2,2,0,0,1,1,0,65.85,3928.3,0,0
0,0,0,0,53,1,0,2,1,1,1,1,1,1,2,0,1,19.85,1049.6,0,0
0,0,1,0,68,1,2,2,1,1,1,1,1,1,2,1,1,24.95,1614.9,0,0
1,1,0,0,2,1,0,1,0,2,0,0,0,0,0,1,2,74.7,165.4,1,1
1,0,1,1,61,0,1,0,2,0,2,0,0,0,0,0,0,33.6,2117.2,0,0
1,0,1,1,41,1,0,2,1,1,1,1,1,1,2,1,3,20.0,879.8,0,0
1,1,0,0,69,1,2,0,2,0,2,2,0,2,2,0,1,74.1,5031.0,0,0
1,1,1,1,35,1,0,0,0,2,0,2,2,2,0,1,2,76.05,2747.2,0,0
1,0,0,0,7,1,0,0,2,0,0,0,0,0,0,1,3,51.0,354.05,1,0
0,1,1,0,50,1,2,2,1,1,1,1,1,1,1,0,2,25.2,1306.3,0,0
1,0,1,1,36,1,0,0,2,0,2,0,0,2,1,1,1,63.7,2188.5,0,0
0,0,1,0,48,1,0,1,0,0,2,2,2,2,0,1,1,100.05,4834.0,0,0
0,0,1,0,71,1,0,0,2,0,2,2,2,2,2,0,0,81.85,5924.4,0,0
1,1,0,0,65,1,2,1,2,0,2,2,2,2,2,1,2,109.05,7108.2,0,0
0,0,0,0,23,1,2,1,0,0,0,0,2,2,0,1,2,93.5,2341.55,0,1
0,1,0,0,66,1,2,0,2,2,0,2,0,0,1,1,1,63.85,4174.35,0,0
0,0,1,1,5,0,1,0,0,0,0,0,0,0,0,0,3,25.05,125.5,0,0
1,1,1,0,72,1,2,1,2,2,2,2,2,2,0,1,1,112.9,8061.5,0,0
0,0,0,0,2,1,0,2,1,1,1,1,1,1,0,0,3,20.35,45.3,0,0
0,0,0,0,12,1,0,2,1,1,1,1,1,1,0,0,3,19.45,246.25,0,0
1,0,0,1,3,1,2,1,0,0,2,0,0,2,0,0,2,91.85,257.05,1,1
1,0,0,0,72,1,2,0,0,2,2,2,2,2,2,1,0,88.6,6201.95,0,0
1,1,1,0,18,1,0,0,2,0,0,0,0,2,0,1,1,59.1,1011.05,0,0
1,0,0,0,39,1,2,0,0,0,0,2,0,0,2,1,1,53.85,2200.7,0,0
0,1,0,0,26,1,0,1,2,0,0,0,2,0,0,1,1,85.8,2193.65,0,0
0,0,1,0,72,1,2,0,2,2,0,2,0,0,2,0,0,64.75,4804.75,0,0
1,0,1,0,3,1,2,2,1,1,1,1,1,1,0,1,3,23.6,89.05,0,0
1,0,0,0,1,1,2,0,0,0,0,0,2,0,0,1,2,59.85,59.85,1,1
0,0,1,1,34,1,2,1,0,0,2,0,2,0,0,0,2,87.45,2874.15,1,0
0,0,0,0,11,1,0,1,2,0,0,0,0,0,0,0,2,76.4,838.7,0,0
1,0,0,0,66,1,0,2,1,1,1,1,1,1,2,0,0,19.7,1253.8,0,0
0,0,0,0,2,1,2,1,0,0,2,0,0,0,0,0,3,80.6,155.8,1,1
0,0,0,0,8,1,0,0,2,0,0,2,0,2,0,0,0,66.05,574.5,0,0
0,0,0,0,33,1,0,1,0,0,0,0,0,0,0,1,0,70.4,2406.1,0,0
0,0,1,0,72,1,2,2,1,1,1,1,1,1,2,0,0,25.65,1887.0,0,0
0,0,1,0,58,1,2,0,0,2,0,2,0,0,2,1,1,59.9,3505.1,0,0
1,0,1,1,30,1,2,1,0,2,0,2,0,0,0,1,0,83.55,2570.2,0,0
1,0,1,0,5,0,1,0,0,0,0,0,0,0,0,1,2,24.95,100.4,1,1
0,1,1,1,46,1,2,1,2,2,0,2,2,2,0,1,2,110.2,4972.1,0,0
1,0,1,0,4,1,0,1,0,0,0,0,0,0,0,0,2,70.5,294.2,0,1
0,0,0,0,40,1,0,0,2,2,0,0,2,0,0,0,3,65.1,2586.0,0,0
1,0,0,0,72,1,2,0,2,0,2,2,2,2,2,0,1,84.3,5997.1,0,0
1,0,1,1,49,1,2,1,0,0,2,0,2,2,0,1,2,99.8,4872.45,1,0
0,0,0,0,1,1,0,0,2,2,0,0,0,0,0,1,2,54.9,54.9,1,0
1,0,0,0,52,1,0,1,0,2,0,0,0,2,0,1,2,85.35,4338.6,1,0
0,0,1,1,72,1,0,2,1,1,1,1,1,1,2,1,1,20.1,1326.25,0,0
0,1,1,1,28,0,1,0,0,2,0,0,0,2,1,1,2,39.1,1096.6,0,0
1,0,1,0,33,1,0,1,0,0,0,0,2,2,0,0,2,91.25,2964.05,0,0
0,0,0,1,10,1,2,0,2,0,2,2,0,2,1,0,1,73.55,693.3,0,0
0,0,0,0,16,1,0,1,0,2,2,0,0,2,0,1,1,93.2,1573.7,1,1
0,0,1,1,22,1,0,0,0,2,0,0,2,2,1,1,0,69.5,1498.2,1,0
0,0,0,0,58,1,2,2,1,1,1,1,1,1,2,1,1,24.7,1519.0,0,0
1,0,1,0,72,1,2,1,0,2,2,2,2,2,2,1,1,109.75,7758.9,0,0
1,0,0,0,10,1,2,0,2,0,0,0,0,0,0,1,1,54.5,568.2,0,0
0,0,0,0,5,1,0,2,1,1,1,1,1,1,0,1,1,19.65,92.05,0,0
0,0,1,0,2,1,0,1,0,0,0,0,0,0,0,1,2,70.7,141.45,1,1
0,0,0,0,2,1,0,1,0,0,0,0,0,0,0,1,2,70.95,137.95,1,1
0,0,0,0,2,1,2,0,0,0,0,2,0,0,0,1,3,54.35,117.05,0,0
0,0,1,1,53,1,2,1,2,2,2,2,0,2,2,1,0,104.05,5566.4,0,0
1,1,0,0,25,1,2,1,0,2,0,0,2,0,0,1,2,88.95,2291.2,1,1
0,0,1,1,64,1,2,1,2,2,2,2,2,2,1,0,2,113.35,7222.75,0,0
0,0,0,0,2,1,0,0,0,0,0,0,0,0,0,0,2,45.55,84.4,0,0
1,0,0,1,16,1,2,0,2,2,0,0,0,2,0,1,2,69.1,1083.7,0,0
0,0,0,0,39,1,0,0,2,0,0,0,0,0,1,1,2,47.85,1886.4,0,0
1,0,0,0,35,1,2,2,1,1,1,1,1,1,0,1,2,25.6,901.25,0,0
0,0,0,0,31,1,2,1,0,0,0,0,0,0,0,1,2,76.05,2227.8,0,0
0,0,0,0,5,1,0,0,2,0,0,2,0,0,0,0,2,54.2,308.25,1,0
1,1,1,0,72,1,2,1,0,2,2,2,2,2,2,1,0,111.65,8022.85,0,0
1,0,0,0,2,1,2,1,2,0,0,0,0,2,0,0,3,90.75,174.75,0,1
0,0,0,0,61,1,2,0,2,2,2,2,2,2,2,0,2,89.65,5308.7,0,0
0,0,0,0,31,1,2,0,2,0,2,2,0,0,0,0,1,65.25,1994.3,1,0
1,0,0,0,2,0,1,0,0,2,2,2,0,0,0,1,1,40.4,77.15,1,0
1,0,0,1,1,1,0,2,1,1,1,1,1,1,0,0,3,20.75,20.75,0,0
0,0,1,1,1,1,0,2,1,1,1,1,1,1,2,0,3,20.35,20.35,0,0
1,0,0,0,59,1,0,2,1,1,1,1,1,1,2,1,0,20.2,1192.3,0,0
0,0,0,0,1,1,2,1,0,0,0,0,2,2,0,0,3,95.65,95.65,1,1
0,0,0,0,9,1,0,0,0,0,0,0,0,0,0,0,2,45.15,416.45,1,0
0,0,1,1,14,1,2,1,0,0,0,2,2,0,0,1,2,91.65,1301.0,1,1
0,0,0,0,12,1,2,1,0,0,0,0,0,2,0,1,2,86.55,1066.9,0,1
0,0,0,0,47,1,0,0,0,0,2,2,2,2,2,0,3,74.45,3510.3,0,0
0,0,1,1,7,1,2,0,0,0,0,0,0,0,0,0,2,48.8,349.8,0,0
0,0,1,1,28,1,2,1,0,0,0,2,0,2,1,1,2,90.45,2509.25,0,0
0,0,1,1,70,1,0,2,1,1,1,1,1,1,2,0,0,19.8,1378.75,0,0
0,0,1,1,26,1,0,2,1,1,1,1,1,1,2,0,1,19.65,494.9,0,0
0,0,1,1,61,1,2,1,0,2,0,0,2,2,0,1,2,99.15,6010.05,1,0
0,0,1,0,70,1,2,1,0,0,2,0,2,2,1,1,2,101.75,7069.3,0,0
0,0,0,0,1,1,0,2,1,1,1,1,1,1,0,0,3,19.5,19.5,0,0
0,1,0,0,37,1,2,1,0,0,0,0,2,2,0,1,2,96.55,3580.3,1,1
1,0,1,1,60,1,0,1,0,2,2,0,2,0,1,0,2,90.95,5453.4,1,0
1,1,1,1,71,1,2,1,2,2,0,0,2,2,0,1,1,105.1,7548.1,1,0
1,0,0,0,31,1,0,1,0,2,2,0,2,2,0,1,2,101.4,3143.65,0,1
1,0,1,1,14,1,0,2,1,1,1,1,1,1,1,0,3,19.75,309.35,0,0
1,0,1,1,50,1,0,1,0,2,2,2,2,2,1,1,0,103.4,5236.4,0,0
1,0,1,1,1,1,0,2,1,1,1,1,1,1,0,0,2,19.75,19.75,0,0
1,1,1,0,41,1,2,1,0,0,2,0,2,2,0,1,2,99.8,4259.3,1,1
1,1,1,0,30,1,0,0,0,2,0,0,0,0,0,1,0,50.4,1527.5,1,0
1,1,1,1,64,1,2,2,1,1,1,1,1,1,2,1,0,24.4,1548.65,0,0
1,1,1,0,7,1,2,0,2,2,0,2,0,0,0,0,2,64.2,475.0,0,0
1,0,1,1,1,1,0,1,0,2,0,0,0,0,0,0,1,74.6,74.6,0,0
1,0,1,0,51,1,0,0,2,2,2,2,2,2,2,1,1,83.85,4307.1,0,0
0,0,1,1,50,1,2,0,2,2,2,2,0,2,1,1,0,80.05,4042.2,0,0
1,0,1,1,44,1,0,2,1,1,1,1,1,1,1,1,0,20.5,865.05,0,0
0,0,0,0,65,1,2,1,0,2,0,2,2,2,1,1,0,105.05,6744.25,0,0
0,1,0,0,1,0,1,0,0,0,0,0,0,0,0,1,3,25.7,25.7,1,1
1,0,0,0,2,1,0,0,0,0,0,0,0,0,0,1,3,45.0,96.45,1,0
0,0,0,0,48,1,0,1,2,0,2,2,2,2,2,1,1,102.5,4904.25,0,0
0,0,0,0,6,1,2,1,0,2,2,2,2,2,0,1,1,109.9,669.45,1,1
0,0,0,0,35,1,0,0,0,0,2,0,0,2,0,1,2,62.1,2096.1,0,0
0,0,0,0,22,0,1,0,0,2,0,0,2,2,0,1,2,50.35,1098.85,0,0
1,0,1,1,72,0,1,0,2,0,2,2,2,2,2,0,0,60.95,4549.05,0,0
0,1,1,1,55,1,2,0,2,0,2,2,2,0,1,0,2,76.25,4154.55,0,0
1,0,1,1,69,1,0,1,2,2,0,2,2,2,2,1,1,106.35,7261.75,0,0
1,1,1,0,72,1,2,0,0,0,2,0,2,2,2,1,1,73.45,5329.0,0,0
0,1,0,0,1,1,0,1,0,0,0,0,2,2,0,1,2,91.3,91.3,1,1
0,0,0,1,26,1,0,1,0,2,2,2,2,2,2,1,2,105.45,2715.3,0,0
1,0,1,1,23,1,0,2,1,1,1,1,1,1,2,0,3,20.9,454.0,0,0
0,0,0,0,2,1,0,2,1,1,1,1,1,1,0,0,1,20.35,35.1,0,0
1,0,1,0,2,1,0,1,0,0,2,0,0,0,0,0,2,76.4,151.8,1,1
0,1,0,0,40,1,2,1,0,0,2,2,2,2,1,1,1,103.75,4188.4,0,0
0,0,0,0,1,1,2,1,0,0,0,0,2,2,0,1,2,94.6,94.6,1,1
0,1,1,0,27,1,0,1,2,0,0,0,0,0,0,1,0,75.2,1929.35,1,0
0,0,1,1,9,1,0,0,2,2,2,2,0,0,0,0,3,65.0,663.05,1,0
0,1,1,0,50,1,2,1,0,2,0,0,2,0,0,1,2,88.05,4367.35,1,0
1,0,1,1,46,1,0,2,1,1,1,1,1,1,1,1,0,20.2,845.6,0,0
0,0,1,0,15,1,2,2,1,1,1,1,1,1,2,0,3,25.2,387.9,0,0
0,0,0,0,23,1,2,0,2,0,2,0,2,2,1,1,2,78.55,1843.05,0,0
0,0,0,0,2,1,0,0,0,2,0,0,2,0,0,1,2,59.0,114.15,0,0
1,0,0,0,18,1,2,1,0,0,2,0,0,2,0,1,1,90.7,1597.25,1,1
0,1,0,0,70,1,2,0,0,2,2,2,2,0,2,1,0,75.5,5212.65,0,0
0,0,1,1,9,1,0,0,2,0,0,0,0,0,1,0,3,48.6,422.3,0,0
1,0,1,1,30,1,2,0,2,2,2,2,0,0,0,0,2,67.6,2000.2,0,0
1,0,1,1,15,1,0,1,2,0,0,0,0,0,0,0,3,75.1,1151.55,0,0
1,1,0,0,39,1,2,1,0,2,0,0,0,2,0,0,2,90.7,3413.25,0,0
0,0,0,0,12,1,0,0,0,2,0,0,0,0,0,1,2,49.4,611.65,0,0
1,0,0,0,19,1,0,1,0,0,2,2,2,0,0,0,3,89.95,1682.4,0,0
1,1,0,0,24,1,2,0,0,2,0,0,0,0,0,0,1,54.8,1291.3,0,0
0,0,0,0,67,1,2,1,2,2,2,0,2,0,0,1,1,102.95,6886.25,1,0
1,0,0,0,69,0,1,0,2,2,0,2,2,2,2,1,0,60.05,4176.7,0,0
0,0,1,1,55,1,2,1,2,2,0,0,0,0,0,1,2,85.1,4600.95,0,0
1,0,0,0,52,1,0,0,2,2,0,0,2,0,2,1,1,63.25,3342.45,0,0
0,0,0,0,17,1,2,1,2,2,0,0,2,0,0,1,2,94.4,1617.5,1,1
0,0,0,1,19,1,0,0,0,0,0,2,0,0,0,0,3,48.8,953.65,0,0
1,0,0,0,39,1,2,1,0,0,0,0,0,0,0,0,2,75.25,3017.65,1,0
1,0,0,0,40,1,0,0,2,2,0,2,0,0,0,1,3,61.9,2647.1,0,0
1,0,0,0,26,1,0,2,1,1,1,1,1,1,0,0,3,20.9,518.3,0,0
0,0,0,0,1,1,0,2,1,1,1,1,1,1,0,0,3,19.9,19.9,0,0
1,1,1,0,18,1,0,1,0,0,0,0,0,2,0,0,2,78.55,1422.65,1,1
0,1,0,0,15,1,0,1,0,2,0,0,0,0,0,1,1,75.3,1147.45,1,1
0,0,0,0,2,1,0,2,1,1,1,1,1,1,0,1,3,20.45,42.45,0,0
0,0,1,0,1,1,0,1,0,0,0,0,2,0,0,1,0,79.35,79.35,1,1
1,0,0,0,23,1,0,1,0,2,0,0,2,2,0,0,3,95.3,2192.9,0,1
0,0,1,1,72,1,2,0,2,0,2,2,0,0,2,0,0,66.85,4758.8,0,0
0,0,0,0,2,1,0,2,1,1,1,1,1,1,0,0,3,20.3,41.2,0,0
1,1,1,0,70,1,2,0,2,2,2,2,2,2,2,1,1,88.55,6306.5,0,0
0,0,1,1,46,1,0,2,1,1,1,1,1,1,2,1,3,19.95,927.1,0,0
0,0,0,0,36,1,0,2,1,1,1,1,1,1,1,0,3,19.55,620.75,0,0
0,0,1,0,72,1,2,1,2,0,2,2,2,2,2,1,1,110.15,7881.2,0,0
0,0,1,1,6,1,0,0,0,0,0,2,0,0,0,1,3,48.8,297.35,0,0
0,0,0,1,4,1,0,2,1,1,1,1,1,1,0,0,1,20.4,94.5,0,0
0,0,0,0,1,1,2,1,0,0,0,0,0,2,0,1,3,85.45,85.45,1,1
0,0,0,0,1,1,0,1,2,2,0,2,0,0,0,1,3,83.4,83.4,0,0
0,0,0,0,13,1,2,1,2,0,0,0,2,2,0,1,2,100.35,1358.85,1,1
0,0,1,0,64,0,1,0,2,0,2,2,0,2,2,0,2,47.85,3147.5,1,0
1,0,0,1,8,0,1,0,2,0,0,2,0,2,2,1,3,44.55,343.45,0,0
1,0,1,1,72,1,2,1,0,2,2,2,2,2,2,1,0,112.25,8041.65,0,0
1,0,0,0,1,1,2,1,0,0,0,0,0,0,0,1,2,75.45,75.45,1,1
0,0,0,0,4,1,2,1,0,0,0,2,2,2,0,1,3,100.85,399.25,0,1
1,0,0,1,1,1,0,0,0,0,2,0,0,0,0,1,2,49.85,49.85,0,0
1,0,1,1,62,1,2,2,1,1,1,1,1,1,2,1,0,24.25,1424.6,0,0
0,1,0,0,34,1,2,1,0,2,0,2,2,0,0,1,2,96.35,3190.25,0,0
1,0,0,1,1,1,0,0,0,0,0,0,0,0,0,1,2,44.4,44.4,1,0
1,0,1,0,24,1,2,1,0,0,2,0,2,2,0,1,2,101.05,2391.8,1,1
1,0,1,1,72,1,2,1,2,0,2,0,2,2,2,0,0,105.25,7609.75,0,0
0,0,0,0,1,1,0,2,1,1,1,1,1,1,0,0,1,19.95,19.95,0,0
0,1,1,0,63,1,2,1,0,2,2,0,2,2,0,1,2,103.5,6479.4,0,0
0,0,1,1,66,1,2,1,2,2,2,0,2,2,2,0,0,109.25,7082.5,0,0
1,0,1,0,61,1,2,0,0,2,2,0,2,2,1,1,2,79.8,4914.8,0,0
1,0,0,0,67,1,0,2,1,1,1,1,1,1,2,0,0,19.95,1311.75,0,0
0,0,0,0,12,1,0,1,0,0,2,0,2,2,1,0,3,95.5,1115.15,1,0
1,0,1,1,19,0,1,0,2,2,0,0,0,0,0,1,3,34.95,610.2,0,0
1,0,0,0,67,1,0,2,1,1,1,1,1,1,2,0,0,20.5,1430.95,0,0
0,0,0,0,13,1,2,1,2,0,0,0,0,0,0,1,1,80.0,1029.35,0,1
0,0,0,0,1,1,0,0,0,0,0,0,0,0,0,0,3,45.15,45.15,0,0
0,0,1,1,3,1,2,1,0,0,0,0,0,2,0,1,0,84.75,264.85,1,1
1,0,0,1,3,1,0,2,1,1,1,1,1,1,0,1,3,20.05,75.45,0,0
0,0,1,1,17,1,2,1,2,0,2,0,2,2,0,1,2,104.2,1743.5,1,1
1,0,0,0,52,1,0,0,2,0,2,0,0,0,1,0,2,53.75,2790.65,0,0
1,0,1,1,51,1,0,2,1,1,1,1,1,1,1,0,3,19.4,997.75,0,0
0,1,0,0,5,1,0,1,0,0,2,0,2,0,0,1,3,84.85,415.55,1,1
0,1,1,1,29,0,1,0,0,2,2,0,0,0,0,1,3,35.65,1025.15,0,0
0,0,1,1,1,1,0,2,1,1,1,1,1,1,0,1,1,20.15,20.15,1,0
0,0,0,0,1,1,0,2,1,1,1,1,1,1,0,1,3,20.15,20.15,1,0
0,0,1,1,42,1,2,1,2,2,0,0,2,0,1,1,1,94.45,3923.8,0,0
1,0,0,0,1,1,0,2,1,1,1,1,1,1,0,0,3,19.65,19.65,0,0
0,0,0,0,16,1,2,1,0,0,2,0,0,2,0,1,2,88.45,1422.1,1,1
1,0,0,0,11,1,0,0,0,0,0,0,0,0,0,0,1,45.2,492.0,0,0
0,1,1,0,26,1,2,1,0,2,2,0,0,2,0,1,2,93.85,2381.55,1,1
1,0,0,1,54,1,0,0,0,2,2,2,0,0,1,1,2,61.0,3283.05,0,0
1,0,1,0,30,1,2,1,0,0,0,0,2,2,0,1,1,94.05,2866.45,1,1
1,1,1,1,66,1,2,0,2,2,2,2,2,0,2,0,1,79.4,5154.6,1,0
0,0,1,1,72,1,0,1,2,2,2,2,2,2,2,1,0,108.65,7726.35,0,0
1,0,1,1,12,1,2,2,1,1,1,1,1,1,2,1,0,24.0,269.65,0,0
0,0,0,0,19,1,0,1,2,0,2,2,2,2,0,1,2,106.6,1934.45,1,0
1,0,1,0,9,1,0,0,2,2,0,2,2,0,0,1,3,68.95,593.85,0,0
0,0,1,1,0,1,2,0,0,2,2,2,2,0,2,0,3,73.35,1397.475,0,0
1,0,0,0,66,1,2,2,1,1,1,1,1,1,1,0,0,25.45,1699.15,0,0
1,1,1,1,10,0,1,0,0,0,0,0,0,2,0,1,0,34.55,362.6,0,1
0,0,1,1,56,1,2,2,1,1,1,1,1,1,2,1,3,24.45,1385.85,0,0
0,0,1,1,67,1,0,2,1,1,1,1,1,1,2,1,0,19.25,1372.9,0,0
1,0,1,1,64,0,1,0,2,0,2,2,2,2,2,1,0,60.05,3845.45,0,0
0,0,1,0,64,1,2,0,2,2,2,2,0,2,2,1,3,81.3,5129.3,0,0
1,1,1,0,13,1,0,1,0,0,0,0,0,0,0,0,0,70.45,849.1,0,0
1,0,0,0,5,1,0,1,0,0,0,2,2,2,0,1,2,96.1,453.4,1,1
0,0,0,0,4,0,1,0,2,0,2,0,0,0,0,0,3,35.0,135.75,0,0
0,0,1,1,45,1,0,2,1,1,1,1,1,1,2,1,0,20.0,886.4,0,0
1,0,1,0,18,1,2,1,0,0,0,0,2,2,0,1,2,94.75,1691.9,0,1
0,0,0,0,3,1,0,0,0,0,2,0,2,0,0,0,2,57.55,161.45,0,0
1,0,0,0,1,1,0,2,1,1,1,1,1,1,0,0,3,20.6,20.6,1,0
1,0,1,0,29,0,1,0,0,0,0,0,2,2,0,1,2,45.9,1332.4,0,0
0,0,0,0,69,1,2,2,1,1,1,1,1,1,2,0,1,24.6,1678.05,0,0
0,0,0,0,21,1,2,1,0,2,0,0,2,2,0,1,1,99.85,1992.55,0,1
0,0,0,0,20,1,0,0,0,0,0,0,0,0,0,1,2,44.35,927.15,0,0
1,0,1,1,72,1,2,1,2,2,2,0,2,2,2,1,0,110.3,7966.9,0,0
1,0,0,0,7,0,1,0,0,0,0,0,0,0,1,1,1,24.35,150.85,0,0
1,0,0,0,5,1,0,2,1,1,1,1,1,1,0,0,1,20.05,95.55,0,0
0,0,1,0,6,1,2,0,0,0,0,0,0,0,0,0,2,50.35,314.55,0,0
1,0,0,1,13,1,0,0,0,0,0,0,2,2,0,0,1,66.4,831.75,0,0
0,0,1,1,1,1,0,2,1,1,1,1,1,1,0,0,3,20.05,20.05,0,0
0,0,0,0,3,1,0,1,2,2,0,0,0,0,0,1,2,79.1,246.5,1,0
1,0,0,0,7,1,2,1,0,0,0,0,2,2,0,0,2,96.2,639.7,0,1
1,0,0,0,6,1,0,1,0,2,0,0,2,0,0,1,2,84.85,523.5,1,1
1,0,0,0,1,1,0,2,1,1,1,1,1,1,0,0,3,20.0,20.0,1,0
0,0,0,0,11,1,0,2,1,1,1,1,1,1,1,0,1,20.05,237.7,0,0
0,0,0,0,63,1,2,1,0,2,0,0,2,2,1,0,0,99.9,6137.0,1,0
0,1,0,0,3,1,0,1,0,0,2,0,0,0,0,0,3,75.05,202.9,0,1
1,0,0,0,6,1,0,2,1,1,1,1,1,1,1,0,3,19.15,124.4,0,0
0,0,1,1,70,1,2,0,2,2,0,0,2,0,2,1,1,69.2,4872.35,0,0
1,0,1,0,37,1,0,1,0,0,2,2,0,2,0,1,2,90.35,3419.3,0,0
0,1,0,0,38,1,0,2,1,1,1,1,1,1,2,0,3,20.2,735.9,0,0
0,1,0,0,29,1,2,0,2,2,0,0,0,0,0,1,0,58.55,1718.95,0,0
1,0,0,0,9,1,0,2,1,1,1,1,1,1,1,1,2,19.9,164.6,0,0
1,1,1,0,23,1,0,2,1,1,1,1,1,1,1,1,2,20.75,485.2,0,0
0,1,1,0,20,1,2,1,0,0,2,0,2,0,0,0,2,90.8,1951.0,1,1
0,0,1,1,70,1,2,2,1,1,1,1,1,1,2,0,3,24.05,1764.75,0,0
1,0,1,0,70,1,0,1,2,2,2,2,0,2,2,0,1,101.0,7085.5,0,0
0,1,0,0,5,1,0,1,0,2,0,0,2,0,0,1,2,84.7,392.5,0,1
1,0,1,1,72,1,2,0,2,2,2,2,2,0,2,1,0,80.85,5727.45,0,0
0,0,1,1,72,0,1,0,2,2,2,2,0,2,2,0,1,55.65,3880.05,0,0
1,0,0,0,4,1,0,1,2,2,0,2,0,2,0,1,3,94.9,360.55,0,0
0,0,0,0,7,1,0,2,1,1,1,1,1,1,0,0,3,20.05,164.85,1,0
0,0,1,1,23,1,2,1,2,0,0,0,0,0,1,0,1,81.85,1810.85,0,0
0,0,0,0,11,1,0,0,0,0,0,0,2,2,0,1,2,64.9,716.1,0,1
1,0,1,1,23,1,0,2,1,1,1,1,1,1,1,1,1,20.0,445.3,0,0
0,0,0,0,12,1,0,0,0,2,0,2,0,0,0,1,2,54.3,654.5,0,0
1,0,1,1,49,1,2,1,0,2,2,0,2,0,1,1,2,93.65,4520.15,0,0
1,0,1,0,14,1,2,1,0,0,0,0,0,2,0,1,2,85.15,1139.2,1,1
1,0,1,1,56,0,1,0,0,2,2,0,0,0,1,1,1,36.1,1971.5,0,0
0,0,1,0,3,1,0,2,1,1,1,1,1,1,0,1,3,19.9,45.75,0,0
0,0,0,0,69,1,2,1,0,2,2,2,2,2,2,1,0,110.5,7455.45,0,0
1,1,1,0,6,1,2,1,0,0,2,0,0,0,0,1,2,80.8,457.1,0,1
0,0,1,0,49,1,0,2,1,1,1,1,1,1,1,0,1,20.7,1032.05,0,0
1,0,1,0,18,1,2,1,0,0,0,0,2,2,0,1,2,94.7,1687.95,1,1
1,1,0,0,1,1,0,1,0,0,0,0,0,0,0,1,0,69.5,69.5,1,1
0,0,0,0,3,0,1,0,0,0,0,0,2,0,0,0,1,35.2,108.95,1,1
1,0,0,0,2,1,0,1,0,0,2,0,0,2,0,1,2,85.85,167.3,1,1
1,0,0,0,54,1,0,2,1,1,1,1,1,1,2,0,1,19.65,1008.7,0,0
1,0,0,0,24,1,0,0,0,0,0,2,0,0,0,1,1,51.1,1269.6,0,0
0,0,1,1,54,1,2,0,2,0,0,2,0,0,2,0,0,60.0,3273.95,0,0
1,0,0,0,15,1,0,2,1,1,1,1,1,1,0,0,3,19.75,311.6,0,0
0,0,0,0,45,1,0,0,2,0,2,2,2,2,2,0,0,81.65,3618.7,0,0
1,0,0,0,46,0,1,0,2,0,2,2,0,0,2,0,3,38.25,1755.35,0,0
0,0,1,0,12,1,0,0,2,0,0,2,0,0,0,0,0,54.2,690.5,0,0
0,0,1,1,71,1,0,1,0,0,2,0,0,0,2,0,2,76.05,5436.45,0,0
0,0,0,0,13,0,1,0,0,2,0,0,0,0,0,1,2,31.65,389.95,0,0
0,1,0,0,1,1,0,1,0,2,0,0,0,0,0,1,2,73.0,73.0,1,1
0,0,1,1,58,1,0,1,0,2,2,0,2,0,0,1,2,91.55,5511.65,0,0
0,0,0,0,7,1,2,1,0,0,0,0,0,0,0,1,0,75.1,552.95,1,1
1,0,1,1,48,1,2,2,1,1,1,1,1,1,2,0,3,23.55,1173.35,0,0
1,0,0,0,71,1,2,1,2,0,0,2,0,2,1,0,1,97.65,6687.85,0,0
1,0,0,1,9,1,0,2,1,1,1,1,1,1,0,0,3,20.4,184.1,0,0
0,0,1,1,18,1,0,0,0,0,0,0,2,0,0,0,3,55.95,1082.8,0,0
1,0,0,0,1,1,0,2,1,1,1,1,1,1,0,0,3,20.2,20.2,0,0
0,1,1,0,67,1,0,2,1,1,1,1,1,1,2,1,0,20.05,1263.05,0,0
1,0,0,0,1,1,0,1,0,2,0,0,0,2,0,1,2,85.0,85.0,0,1
0,0,1,0,56,1,2,1,2,0,0,0,2,2,1,1,2,98.0,5270.6,0,0
1,0,0,0,54,0,1,0,2,2,0,0,0,2,2,0,0,46.2,2431.95,0,0
0,0,1,1,14,1,0,2,1,1,1,1,1,1,2,1,3,19.7,263.65,0,0
0,1,0,0,14,0,1,0,0,0,0,0,2,2,0,1,2,46.35,672.7,0,1
1,0,0,0,54,1,0,0,2,2,0,2,2,0,0,1,3,69.9,3883.3,0,0
1,0,1,0,72,1,2,0,2,2,2,2,0,0,2,0,3,68.15,4808.7,0,0
1,0,0,0,17,1,0,0,2,2,0,0,0,0,1,0,3,56.1,946.95,0,0
0,0,1,1,1,1,0,2,1,1,1,1,1,1,0,0,2,20.0,20.0,0,0
0,0,1,0,30,1,2,1,0,0,0,0,0,2,0,1,2,85.0,2624.25,1,1
0,0,0,1,50,1,0,2,1,1,1,1,1,1,2,0,1,20.15,970.85,0,0
1,0,0,1,3,1,0,2,1,1,1,1,1,1,0,0,3,19.95,58.3,0,0
1,0,1,0,12,1,0,0,0,0,2,2,2,2,0,1,2,74.15,741.4,0,0
0,0,0,0,13,1,0,1,0,2,2,0,0,0,0,1,2,81.15,952.3,1,1
0,1,1,0,25,1,0,1,0,0,0,0,0,0,0,1,2,69.3,1813.1,0,1
0,0,0,0,2,1,0,1,0,0,0,0,2,2,0,1,2,90.4,168.2,1,1
0,0,0,0,36,1,2,0,0,2,0,2,0,2,1,1,3,70.7,2511.95,0,0
1,0,0,0,3,1,0,0,0,0,0,2,0,0,0,1,3,50.25,152.3,0,0
1,0,1,0,66,1,2,0,0,0,0,2,0,2,0,0,2,63.85,4264.6,0,0
1,0,1,0,15,1,2,1,0,0,2,0,2,2,0,1,2,101.1,1504.05,1,1
0,0,1,1,61,1,0,0,0,0,2,2,2,2,2,1,0,73.8,4616.05,0,0
1,0,0,0,70,1,2,1,2,2,2,2,2,2,2,1,0,114.95,7711.25,0,0
0,1,0,0,35,0,1,0,0,0,2,0,2,0,0,1,2,39.85,1434.6,0,0
0,0,0,0,1,1,0,0,2,0,0,0,0,0,0,1,1,48.6,48.6,1,0
0,0,1,1,48,1,0,2,1,1,1,1,1,1,2,0,0,20.65,1057.0,0,0
1,0,0,0,70,0,1,0,0,0,0,2,0,2,2,1,3,40.05,2799.75,0,0
0,0,0,1,12,1,2,1,0,2,2,0,2,2,0,1,2,105.3,1275.65,0,1
1,0,1,0,61,1,2,1,0,2,2,2,2,2,0,1,2,114.1,7132.15,0,0
0,0,0,0,38,1,0,1,0,2,2,2,0,0,0,1,1,84.25,3264.5,1,0
1,0,0,0,1,1,0,1,0,0,0,0,0,0,0,1,3,71.35,71.35,1,1
0,0,1,1,56,1,2,0,2,0,0,0,2,0,1,0,0,65.2,3512.15,0,0
0,0,0,0,5,1,0,1,0,0,0,2,0,2,0,1,1,85.4,425.9,1,1
1,0,1,0,11,1,0,0,0,0,0,0,0,0,0,1,0,45.9,521.9,0,0
0,0,1,1,59,1,2,1,0,2,2,0,2,2,1,1,2,106.15,6256.2,0,0
0,0,0,0,1,1,0,0,0,0,0,0,0,0,0,1,3,45.4,45.4,0,0
1,1,1,0,72,1,2,1,0,2,2,0,2,2,2,1,0,104.15,7689.95,1,0
1,0,1,1,22,1,0,2,1,1,1,1,1,1,1,0,3,20.15,419.9,0,0
1,0,0,1,17,1,0,0,0,0,0,0,0,0,1,0,3,44.6,681.4,0,0
1,0,1,0,50,0,1,0,2,0,0,2,2,0,1,1,0,44.45,2188.45,0,0
1,0,0,0,8,1,0,0,0,2,0,2,2,0,0,1,2,66.65,520.95,0,0
1,0,1,1,56,1,0,0,2,2,2,0,0,0,2,1,0,59.8,3457.45,0,0
0,0,1,1,3,1,0,1,0,0,0,0,0,2,0,1,2,80.3,250.05,1,1
1,0,1,1,40,1,0,2,1,1,1,1,1,1,0,1,0,20.4,745.3,0,0
1,1,0,0,67,1,2,1,0,0,2,0,2,2,0,1,1,101.4,6841.05,0,0
0,0,1,0,4,1,2,1,0,2,0,0,2,0,0,1,2,91.65,365.4,1,1
0,0,1,0,67,1,0,2,1,1,1,1,1,1,1,1,0,20.85,1327.4,0,0
0,0,1,1,4,1,0,0,2,0,0,0,0,0,0,0,2,50.3,217.1,0,0
0,0,1,1,61,1,2,2,1,1,1,1,1,1,2,1,3,24.1,1551.6,0,0
0,0,1,0,69,1,2,2,1,1,1,1,1,1,1,1,2,26.3,1763.55,0,0
0,0,1,0,49,1,0,2,1,1,1,1,1,1,2,1,0,20.15,973.35,0,0
1,0,1,0,49,1,0,1,0,2,0,0,2,0,0,1,1,85.3,4297.95,0,0
0,0,0,0,35,1,2,1,2,2,2,2,2,2,2,1,3,113.2,3914.05,0,0
1,0,1,1,69,1,2,2,1,1,1,1,1,1,2,0,0,24.45,1718.2,0,0
0,0,1,0,60,1,0,0,2,2,0,2,0,0,2,0,0,59.85,3483.45,0,0
0,0,1,1,1,0,1,0,0,0,0,2,2,0,0,0,2,40.1,40.1,1,0
0,0,0,1,17,1,2,0,0,0,2,0,0,0,1,1,3,55.85,937.5,1,0
0,0,0,0,1,1,0,0,0,0,0,0,0,0,0,1,1,44.55,44.55,0,0
1,0,1,1,5,1,0,2,1,1,1,1,1,1,1,0,2,20.55,99.45,0,0
0,0,0,0,13,1,0,2,1,1,1,1,1,1,2,1,3,20.4,261.3,0,0
1,0,0,0,4,1,2,1,0,0,0,0,0,0,0,1,2,74.35,265.35,1,1
1,0,1,1,53,1,2,0,0,0,2,2,2,2,1,1,3,78.75,3942.45,0,0
0,0,1,1,72,0,1,0,2,2,2,2,2,2,2,0,0,64.45,4528.0,0,0
1,0,0,0,24,1,0,2,1,1,1,1,1,1,2,0,3,20.75,487.05,0,0
0,0,0,0,19,1,2,2,1,1,1,1,1,1,0,0,0,24.7,465.85,0,0
1,0,0,1,1,1,0,2,1,1,1,1,1,1,0,0,3,19.85,19.85,0,0
0,0,0,0,5,1,2,1,0,0,0,0,0,0,0,0,2,75.6,402.5,0,1
1,1,1,1,71,1,0,1,2,2,2,0,0,0,1,1,0,86.7,6179.35,0,0
1,0,1,0,72,1,2,0,2,2,2,2,2,2,2,1,0,89.05,6254.45,0,0
0,0,0,0,42,1,0,0,2,2,2,0,0,0,0,0,0,59.65,2536.55,0,0
1,0,0,0,14,1,2,0,0,2,0,0,0,0,0,1,1,55.5,767.55,0,0
1,0,0,0,1,1,0,0,2,0,0,0,0,0,0,0,3,51.25,51.25,0,0
0,1,0,0,2,1,0,1,0,0,0,0,0,0,0,1,2,70.65,142.35,1,1
0,1,1,1,72,1,2,0,2,2,2,2,2,2,2,0,1,92.45,6440.25,1,0
0,0,1,1,13,1,0,1,0,0,0,0,2,2,0,0,2,88.35,1222.8,1,1
0,0,0,0,18,1,0,1,0,2,2,0,0,0,0,0,2,77.8,1358.6,0,0
0,0,0,0,45,1,2,1,2,2,0,0,0,2,1,0,0,96.75,4442.75,0,0
0,1,0,0,55,1,2,1,0,0,2,0,2,2,1,1,2,100.15,5409.75,0,0
1,0,0,1,1,1,2,0,0,0,0,0,0,0,0,1,2,50.05,50.05,0,0
1,0,0,0,1,1,0,2,1,1,1,1,1,1,0,0,3,21.1,21.1,0,0
1,0,0,0,65,1,2,2,1,1,1,1,1,1,1,0,1,24.8,1600.95,0,0
0,0,1,0,46,1,0,0,0,2,0,0,2,2,0,1,1,69.1,3168.0,0,0
0,0,0,1,21,1,0,2,1,1,1,1,1,1,0,0,3,20.75,452.2,0,0
1,1,0,0,24,1,2,1,0,2,0,0,2,2,0,1,2,101.25,2440.15,1,1
0,0,1,1,34,0,1,0,2,0,2,2,2,2,1,0,3,61.25,1993.2,0,0
0,0,0,0,13,1,0,1,0,2,0,0,0,0,1,1,3,74.65,966.25,0,0
0,0,1,1,48,1,0,0,2,0,2,2,2,0,1,0,0,69.7,3023.65,0,0
0,0,0,0,56,1,2,1,0,2,2,0,2,2,1,1,2,106.8,5914.4,0,0
0,0,1,1,42,1,0,1,0,0,2,2,2,2,2,1,2,100.4,4303.65,0,0
0,0,1,0,4,1,0,0,2,2,0,0,0,0,0,0,3,54.7,235.05,0,0
0,0,1,0,65,1,0,0,2,0,2,0,0,0,0,1,3,55.15,3673.15,0,0
1,0,1,0,3,0,1,0,0,0,0,0,0,0,0,0,3,25.0,78.25,0,1
0,0,1,1,70,1,2,0,2,0,0,2,2,2,2,1,0,80.6,5460.2,0,0
1,1,0,0,1,1,2,1,0,0,2,0,2,0,0,1,2,88.8,88.8,1,1
1,0,0,0,66,1,0,0,2,2,0,0,0,0,1,1,3,54.8,3465.7,0,0
1,0,0,0,19,1,0,0,0,0,2,2,0,0,0,1,1,55.0,1046.5,1,0
1,0,1,0,70,1,2,2,1,1,1,1,1,1,2,0,0,24.25,1724.15,0,0
1,0,0,0,41,1,0,1,0,2,0,2,2,2,2,1,1,99.65,4220.35,0,0
1,0,1,1,45,1,2,1,0,2,2,2,2,2,2,1,0,109.75,4900.65,0,0
0,0,1,0,49,1,0,2,1,1,1,1,1,1,1,0,0,20.45,900.9,0,0
1,1,0,0,22,1,2,1,0,0,0,2,2,0,0,1,0,90.5,1910.6,1,1
0,0,1,1,56,1,2,1,0,2,2,2,0,2,1,1,1,99.75,5608.4,0,0
0,0,0,0,15,1,2,0,2,0,0,0,0,0,0,1,3,55.7,899.8,1,0
0,0,1,1,67,1,2,1,2,0,2,2,0,2,1,1,0,100.25,6689.0,0,0
1,0,1,1,1,1,0,2,1,1,1,1,1,1,1,0,3,19.65,19.65,0,0
1,1,1,1,38,1,2,1,0,2,0,0,2,2,0,0,2,101.15,3741.85,0,0
0,0,0,0,52,1,2,0,2,0,2,2,2,0,1,0,1,74.0,3877.65,0,0
0,0,1,1,34,1,0,2,1,1,1,1,1,1,1,1,0,20.1,682.1,0,0
1,0,1,1,69,1,0,2,1,1,1,1,1,1,2,0,0,19.9,1356.7,0,0
1,0,0,1,4,1,2,1,0,2,0,0,2,2,0,1,2,101.7,364.55,1,1
0,0,0,0,63,1,0,0,0,0,2,0,0,2,1,0,1,58.55,3503.5,0,0
1,0,1,0,24,1,0,2,1,1,1,1,1,1,2,0,3,19.75,483.15,0,0
1,0,0,0,62,1,2,1,2,2,2,0,0,0,0,0,0,90.7,5586.45,0,0
0,0,0,0,36,1,0,2,1,1,1,1,1,1,1,1,0,19.25,679.8,0,0
0,0,0,0,38,1,2,0,0,2,0,2,0,2,0,0,1,68.15,2656.3,0,0
0,1,1,0,47,1,2,1,2,0,0,0,0,0,0,0,2,80.35,3825.85,1,0
1,0,1,0,38,1,0,1,2,2,0,0,0,0,0,1,2,79.45,3013.05,1,0
0,0,1,1,42,1,0,1,0,0,2,0,2,2,0,1,2,92.15,3875.4,0,0
0,0,1,0,42,1,2,2,1,1,1,1,1,1,2,0,2,25.25,1108.2,0,0
0,0,0,0,3,1,0,0,0,2,0,2,2,2,0,1,2,75.3,244.1,0,0
1,1,0,0,8,1,0,1,2,0,0,2,2,2,0,0,1,100.3,832.35,1,0
1,1,0,0,9,1,2,1,0,0,0,0,0,2,0,1,1,84.4,732.5,1,1
0,0,1,0,58,1,2,0,2,0,0,2,0,2,1,1,2,68.4,3972.25,0,0
1,1,0,0,21,1,0,0,0,0,2,0,2,0,0,1,0,60.05,1236.15,1,0
0,0,0,0,10,1,0,2,1,1,1,1,1,1,0,1,3,20.9,247.0,0,0
0,0,0,0,70,1,2,1,0,2,0,0,2,2,1,0,2,98.9,6838.6,0,0
1,0,0,0,26,1,0,0,2,0,0,2,2,2,1,0,0,75.0,1908.35,0,0
1,1,1,0,36,1,2,1,0,2,0,0,2,2,0,1,2,96.5,3436.1,1,1
1,0,1,0,72,1,2,0,2,2,2,2,0,0,2,1,0,67.8,4804.65,0,0
0,0,0,0,9,1,0,1,2,0,0,0,0,0,0,1,1,74.25,639.65,1,0
0,0,0,0,15,1,2,1,0,2,0,0,2,2,0,1,2,100.15,1415.0,0,1
0,1,0,0,63,1,2,0,2,2,2,2,2,0,1,0,0,83.0,5243.05,0,0
1,0,0,0,4,1,0,0,0,2,0,2,2,0,0,1,0,63.75,226.2,0,0
1,0,0,0,25,1,0,2,1,1,1,1,1,1,0,0,3,20.6,541.5,0,0
1,0,1,0,46,1,0,2,1,1,1,1,1,1,0,0,2,19.6,851.2,0,0
0,1,1,0,44,1,2,1,0,0,2,2,2,2,0,0,2,104.15,4495.65,0,0
1,0,0,0,12,1,0,2,1,1,1,1,1,1,0,0,3,20.45,255.35,0,0
1,0,0,0,1,1,0,0,0,0,0,0,0,0,0,1,2,44.8,44.8,0,0
1,0,0,0,1,1,0,0,2,0,0,0,0,0,0,1,3,48.55,48.55,1,0
0,1,0,0,20,1,2,0,0,0,0,0,0,2,0,1,3,61.6,1174.35,1,1
0,0,1,1,72,1,2,1,2,2,2,2,2,2,2,0,1,117.5,8670.1,0,0
1,0,1,0,53,0,1,0,0,2,2,2,2,2,1,1,2,60.45,3184.25,1,0
1,0,1,1,52,1,0,2,1,1,1,1,1,1,2,0,3,19.2,1054.75,0,0
1,1,1,0,2,1,0,1,0,0,2,0,0,0,0,1,2,74.2,140.1,0,1
1,0,0,0,50,1,0,1,2,2,0,2,0,2,0,1,1,93.5,4747.5,0,0
1,0,1,1,17,1,0,1,0,0,0,0,0,0,0,1,2,69.0,1149.65,1,0
1,1,1,0,51,0,1,0,0,2,0,0,0,0,0,1,1,29.45,1459.35,0,0
1,1,0,0,16,1,0,1,0,0,0,0,0,2,0,1,2,78.75,1218.25,0,1
0,0,0,0,18,1,2,1,0,0,2,2,0,2,0,1,0,95.05,1679.4,0,1
1,0,1,1,71,1,2,0,2,0,2,2,2,2,1,0,2,85.45,6300.85,0,0
1,0,1,1,68,0,1,0,2,2,0,0,2,0,1,0,3,44.8,2983.65,0,0
1,1,0,0,1,1,0,1,0,0,0,2,0,0,0,0,2,74.7,74.7,0,1
0,0,1,1,25,1,0,2,1,1,1,1,1,1,2,1,3,18.7,383.65,0,0
1,1,1,0,24,1,0,1,0,0,2,0,2,2,0,1,2,93.15,2231.05,1,1
1,0,0,0,14,0,1,0,0,0,2,0,2,2,0,1,2,50.75,712.75,1,1
1,0,0,0,55,1,0,0,2,0,2,2,0,0,2,1,2,59.2,3175.85,0,0
0,0,0,0,25,0,1,0,2,2,2,0,2,2,1,0,2,61.05,1540.2,0,0
1,0,1,1,10,1,0,0,0,0,2,0,2,0,0,0,3,60.2,563.5,0,0
1,0,1,1,61,1,0,1,0,2,2,2,2,2,1,0,1,103.9,6449.15,0,0
1,0,0,0,6,1,0,0,2,0,0,0,0,2,0,1,0,59.15,336.7,0,0
1,0,0,0,13,1,0,2,1,1,1,1,1,1,2,0,3,19.95,243.65,0,0
0,0,0,0,2,1,0,2,1,1,1,1,1,1,0,0,3,19.3,44.4,0,0
0,0,1,0,1,1,0,0,0,0,0,0,0,0,0,1,2,45.0,45.0,0,0
0,0,0,0,2,1,0,1,0,0,0,0,0,0,0,0,2,70.35,139.25,0,1
1,1,0,0,49,1,2,1,0,0,0,0,2,2,0,1,2,96.2,4718.25,1,1
0,0,0,0,1,1,0,0,0,0,0,0,0,0,0,1,3,45.3,45.3,1,0
1,0,1,0,37,1,2,1,0,0,2,2,2,0,2,0,3,94.3,3460.95,0,0
0,0,1,1,40,1,0,2,1,1,1,1,1,1,2,0,0,20.15,777.35,0,0
0,1,0,0,23,1,0,1,0,2,0,0,2,2,0,1,2,94.75,2293.6,1,1
0,1,0,0,66,1,2,1,0,2,2,0,2,2,1,0,0,108.1,7238.6,0,0
1,0,1,1,17,1,2,1,0,0,0,0,2,2,0,1,2,92.55,1515.1,1,1
1,1,0,0,9,1,2,1,0,0,0,0,0,2,0,1,2,85.05,746.5,1,1
0,1,1,0,39,1,2,1,0,0,0,2,2,2,0,1,2,101.25,3949.15,0,1
1,0,0,1,23,0,1,0,2,0,2,2,0,0,2,0,3,40.1,857.75,0,0
1,0,0,0,50,1,0,2,1,1,1,1,1,1,1,0,1,20.15,989.05,0,0
0,0,0,0,3,1,0,1,0,2,0,2,2,2,0,1,2,97.9,315.3,1,1
0,0,0,0,61,1,0,2,1,1,1,1,1,1,1,0,0,19.45,1336.35,0,0
0,0,0,0,24,1,2,1,0,0,2,0,2,0,0,1,1,88.95,2072.75,0,1
0,0,1,1,14,1,2,1,0,0,0,0,2,0,0,1,2,84.8,1203.9,0,1
1,0,1,1,52,1,2,2,1,1,1,1,1,1,2,0,3,25.75,1345.85,0,0
0,0,1,0,15,1,0,1,0,0,2,0,2,0,0,1,2,84.3,1308.4,1,1
0,0,0,0,33,1,2,0,2,0,0,2,0,0,1,0,2,59.4,1952.8,0,0
1,1,1,0,69,1,2,1,0,2,2,0,0,2,0,1,0,95.35,6382.0,0,0
0,0,1,1,61,1,2,0,2,2,2,2,2,2,2,0,3,88.1,5526.75,0,0
1,0,1,1,71,1,2,1,2,2,2,2,2,2,2,1,0,116.05,8297.5,0,0
0,0,0,0,53,1,2,1,2,2,2,0,0,0,0,0,2,90.8,4921.2,0,0
0,1,0,0,42,1,2,0,0,0,2,0,0,0,0,0,2,55.65,2421.75,0,0
1,0,0,0,36,1,0,0,2,0,2,2,2,2,0,1,1,79.2,2854.95,0,0
1,0,0,0,25,1,0,1,2,0,2,2,2,2,0,1,2,105.5,2686.05,0,0
0,0,0,0,8,1,0,2,1,1,1,1,1,1,0,1,3,20.7,137.6,0,0
0,0,0,0,16,1,2,1,0,2,2,0,0,2,0,1,1,95.6,1555.65,1,1
0,0,0,0,12,1,2,1,0,2,0,0,2,0,0,1,0,89.75,1052.4,1,1
0,0,1,0,28,1,2,1,0,0,2,2,2,2,0,1,2,104.8,3046.05,1,1
1,0,0,0,7,1,2,1,0,0,0,0,2,2,0,1,2,94.1,701.3,0,1
1,1,1,0,32,1,2,1,0,0,2,2,2,2,0,1,2,104.9,3351.55,1,1
0,0,0,1,1,1,0,1,0,0,0,0,0,2,0,0,2,78.65,78.65,1,1
1,0,0,0,8,0,1,0,2,0,0,0,0,0,0,1,2,30.45,226.45,1,0
1,0,1,0,63,1,2,1,0,2,2,0,2,2,0,1,2,103.4,6603.0,1,0
0,0,0,0,1,0,1,0,0,0,0,0,2,0,0,1,2,34.7,34.7,1,1
1,0,1,0,60,1,2,1,0,2,2,0,2,2,1,0,0,102.5,6157.6,0,0
0,0,0,0,16,1,0,1,0,2,0,0,0,2,0,1,2,86.25,1340.1,0,1
1,1,1,0,71,1,2,1,2,2,2,2,0,0,1,1,2,92.0,6585.2,0,0
1,0,1,1,40,1,0,1,0,0,2,0,2,0,1,1,2,85.05,3355.65,0,0
0,1,1,0,18,1,2,1,0,0,0,2,2,2,0,0,0,99.75,1836.25,1,1
1,0,0,0,5,1,0,1,0,0,0,0,0,2,0,0,3,78.75,426.35,0,1
1,0,0,0,33,1,0,1,0,2,2,0,0,0,0,1,1,79.0,2576.8,0,0
0,0,1,1,13,1,0,2,1,1,1,1,1,1,2,1,0,19.75,246.7,0,0
0,0,0,0,40,1,0,0,0,0,2,0,0,0,1,1,3,50.25,2023.55,0,0
1,1,0,0,67,1,2,1,2,2,2,2,2,2,2,1,1,116.1,7839.85,0,0
0,0,0,0,16,1,0,0,2,0,0,0,0,0,0,1,2,50.15,762.25,1,0
1,0,1,0,59,1,0,0,2,2,2,0,2,0,1,0,1,66.4,3958.2,0,0
1,1,0,0,8,1,0,1,0,0,0,0,0,0,0,1,1,69.95,562.7,0,1
1,0,1,1,24,1,2,2,1,1,1,1,1,1,2,1,0,24.1,587.4,0,0
1,0,1,1,7,1,0,2,1,1,1,1,1,1,0,0,3,20.25,144.35,0,0
1,0,1,1,72,1,2,2,1,1,1,1,1,1,2,0,1,24.1,1734.65,0,0
0,0,0,0,44,1,0,1,0,2,2,0,2,0,0,1,1,88.15,3973.2,0,0
0,1,1,0,38,1,2,1,0,0,0,0,0,0,0,1,0,74.95,2869.85,1,0
1,0,0,0,4,1,0,0,0,0,0,0,0,2,0,1,2,55.9,238.5,0,1
1,0,0,0,2,1,0,0,2,0,2,0,0,0,0,0,2,53.45,119.5,0,0
0,0,1,0,70,0,1,0,2,0,2,2,0,2,2,1,0,49.85,3370.2,0,0
0,0,0,0,33,1,2,1,2,0,0,0,0,2,0,1,2,90.65,2989.6,0,0
0,0,0,0,1,0,1,0,0,0,0,0,0,0,0,1,3,24.9,24.9,0,1
1,0,0,0,39,0,1,0,0,0,2,2,0,0,1,0,3,35.55,1309.15,0,0
1,1,0,0,55,1,2,1,2,2,2,2,2,2,0,1,2,116.5,6382.55,0,0
1,0,1,1,52,1,0,0,0,2,2,2,2,0,1,1,2,68.75,3482.85,0,0
0,0,1,1,30,0,1,0,0,0,0,2,2,2,0,0,1,51.2,1561.5,1,0
1,1,1,0,60,1,2,1,0,0,0,2,2,2,0,1,2,99.0,6017.9,0,0
1,0,1,1,50,1,2,0,0,0,2,0,0,0,1,0,0,54.9,2614.1,0,0
0,0,0,0,32,1,2,1,2,0,2,2,2,2,1,1,0,109.55,3608.0,0,0
1,0,1,0,51,1,2,1,0,2,2,0,2,2,1,1,0,106.8,5498.8,0,0
1,0,0,0,1,1,0,1,0,0,0,2,0,0,0,1,3,74.3,74.3,0,1
0,0,1,1,69,1,2,2,1,1,1,1,1,1,2,1,0,25.6,1673.4,0,0
0,0,1,1,42,1,2,1,0,0,0,0,2,2,0,1,2,94.2,4186.3,1,1
1,0,1,0,14,0,1,0,0,0,0,0,2,2,0,0,2,46.35,667.7,1,1
1,0,0,1,52,1,2,2,1,1,1,1,1,1,2,0,1,25.6,1334.5,0,0
1,0,1,0,62,1,2,1,0,0,2,2,2,2,2,1,0,107.6,6912.7,0,0
0,0,1,1,72,1,0,2,1,1,1,1,1,1,2,0,0,19.55,1463.45,0,0
1,0,0,0,32,1,0,1,0,0,0,2,2,2,0,1,2,96.2,3183.4,1,0
0,1,0,0,1,1,0,1,0,0,0,0,0,0,0,1,2,69.65,69.65,1,1
0,1,1,0,72,1,2,1,2,0,0,0,0,0,2,0,0,78.5,5602.25,0,0
0,1,0,0,1,1,0,0,0,0,0,0,0,0,0,0,3,45.1,45.1,1,0
0,0,0,0,1,1,2,2,1,1,1,1,1,1,0,1,3,25.75,25.75,0,0
1,0,0,0,5,1,2,1,0,2,2,0,2,2,0,0,3,104.1,541.9,1,1
1,0,0,0,63,1,2,1,0,2,2,0,2,2,2,1,0,104.75,6536.5,0,0
1,0,1,1,67,1,0,0,2,2,2,0,2,2,2,0,1,81.35,5398.6,0,0
0,0,1,1,40,1,2,1,0,2,2,0,2,0,0,1,1,96.35,3915.4,0,0
1,0,0,0,65,1,2,1,2,0,0,2,0,2,1,0,2,93.55,6069.25,0,0
0,0,1,1,16,1,0,2,1,1,1,1,1,1,2,0,3,19.7,301.55,0,0
0,1,0,0,46,1,2,0,0,0,2,2,0,2,1,1,1,69.1,3255.35,0,0
1,0,0,0,11,0,1,0,0,2,0,2,0,0,0,1,2,35.65,425.1,0,0
0,0,1,0,49,1,0,1,0,2,2,0,2,2,0,0,2,99.4,5025.0,0,0
0,0,1,0,68,0,1,0,2,0,2,0,2,2,1,1,2,54.4,3723.65,0,0
0,0,0,0,10,1,0,2,1,1,1,1,1,1,1,1,3,19.3,185.2,0,0
0,1,0,0,2,1,0,1,0,2,0,0,2,0,0,1,0,83.8,163.7,0,1
0,0,1,0,5,1,0,1,0,0,0,0,0,0,0,1,2,68.95,351.5,0,1
1,0,0,1,53,1,0,0,2,2,0,2,0,0,1,0,1,62.85,3419.5,0,0
1,1,1,0,54,1,2,1,0,2,2,2,2,2,2,1,2,110.45,6077.75,0,0
0,0,0,0,4,1,0,0,0,0,0,0,0,0,0,1,3,45.3,196.95,1,0
1,1,0,0,15,1,2,1,0,0,0,0,0,0,0,0,2,75.65,1146.65,1,1
1,0,0,0,10,1,0,2,1,1,1,1,1,1,0,1,3,19.85,193.05,0,0
0,0,0,0,3,1,0,0,0,0,0,0,0,2,0,1,2,55.3,196.15,1,1
0,0,1,0,71,1,2,2,1,1,1,1,1,1,2,0,0,24.75,1836.9,0,0
1,0,1,0,8,1,0,0,0,2,2,0,0,0,0,1,3,54.75,445.85,0,0
1,1,0,0,1,1,2,1,0,0,0,0,2,2,0,1,2,94.0,94.0,1,1
0,0,1,1,64,1,2,1,2,2,0,2,2,2,2,0,0,110.3,6997.3,0,0
1,0,0,0,57,1,0,2,1,1,1,1,1,1,2,0,1,18.8,1094.35,0,0
0,1,1,0,1,1,2,1,0,0,2,0,2,2,0,1,2,100.8,100.8,1,1
0,1,1,0,20,1,0,0,0,2,0,0,0,2,0,1,2,60.0,1259.35,0,0
0,1,0,0,26,1,2,0,0,0,0,2,0,2,0,1,2,66.05,1652.4,0,0
0,1,0,0,2,1,0,1,0,0,0,0,0,2,0,1,0,79.75,159.4,1,1
1,0,1,1,32,1,0,1,2,2,2,0,0,2,1,0,3,94.8,3131.55,0,0
0,0,0,0,5,1,2,2,1,1,1,1,1,1,0,0,3,25.45,134.75,0,0
0,0,0,0,70,1,2,1,2,2,2,0,2,2,2,1,3,111.15,7737.55,0,0
1,0,0,0,31,1,0,0,0,0,2,2,0,0,0,1,2,55.25,1715.65,1,0
0,0,0,0,7,1,0,0,0,0,0,2,2,0,0,1,3,59.5,415.95,1,0
1,0,0,0,1,0,1,0,0,0,0,0,0,0,0,0,3,25.35,25.35,0,1
1,1,0,0,20,1,2,1,0,0,2,0,2,2,0,1,2,98.55,1842.8,1,1
1,0,0,0,35,1,0,0,2,2,2,0,0,0,1,0,3,61.2,2021.2,0,0
1,0,0,0,6,1,0,0,0,0,2,0,2,0,0,0,3,60.9,414.1,0,0
0,0,1,1,72,1,2,0,2,2,0,2,2,0,2,0,3,74.55,5430.65,0,0
0,0,0,0,13,1,0,2,1,1,1,1,1,1,1,0,2,19.65,244.8,0,0
0,1,0,0,4,1,2,0,0,0,0,0,0,0,0,0,3,48.75,179.85,0,0
1,0,1,1,63,1,0,2,1,1,1,1,1,1,2,1,3,19.15,1177.05,0,0
1,0,1,0,69,1,0,0,2,2,2,2,2,2,2,1,3,84.7,5878.9,0,0
0,0,0,0,3,0,1,0,2,0,0,2,0,0,0,0,3,34.25,139.35,1,0
0,1,1,0,71,1,2,1,2,0,0,0,0,0,2,1,1,80.7,5676.0,0,0
1,0,1,0,15,1,0,2,1,1,1,1,1,1,0,1,1,19.45,340.85,0,0
0,0,1,1,30,1,0,2,1,1,1,1,1,1,2,0,3,19.7,599.25,0,0
0,0,0,0,23,1,0,1,0,2,2,2,0,0,0,0,0,83.2,2032.3,0,0
1,1,1,0,9,1,0,2,1,1,1,1,1,1,1,0,1,19.85,183.15,0,0
1,0,0,0,35,1,0,2,1,1,1,1,1,1,1,1,3,19.15,638.0,0,0
0,0,1,1,6,1,0,0,0,0,0,0,2,0,0,0,2,54.85,355.1,0,0
0,0,0,0,1,1,2,1,0,0,0,0,0,0,0,1,3,75.05,75.05,1,1
0,0,1,1,72,1,2,2,1,1,1,1,1,1,2,0,0,25.1,1857.85,0,0
1,0,1,1,45,1,0,0,2,2,2,2,2,2,2,1,3,84.35,3858.05,0,0
1,0,1,1,7,1,0,1,0,2,0,2,2,0,0,1,2,89.75,608.8,1,0
1,0,0,0,70,0,1,0,2,0,2,2,0,2,2,0,0,48.4,3442.8,0,0
1,0,1,0,53,1,0,2,1,1,1,1,1,1,2,0,1,19.9,1110.05,0,0
1,0,0,0,4,1,2,0,0,0,0,0,0,0,0,0,1,51.75,201.1,1,0
0,0,1,0,72,1,2,0,2,2,2,2,2,2,2,1,2,92.4,6786.1,0,0
1,0,1,1,72,0,1,0,2,2,2,2,0,0,2,0,1,45.25,3139.8,0,0
1,1,1,0,17,1,2,1,0,0,0,0,2,2,0,1,2,94.8,1563.9,0,1
0,0,0,0,7,1,0,1,0,0,0,0,0,0,0,1,0,69.85,515.45,0,1
0,0,0,1,11,1,0,2,1,1,1,1,1,1,0,0,1,20.1,221.35,1,0
0,0,0,0,2,1,2,1,0,0,0,0,0,0,0,0,1,74.9,147.15,1,1
0,0,0,0,72,1,0,1,2,2,2,2,2,2,2,1,2,109.9,7624.2,0,0
1,0,0,1,11,1,2,1,0,0,2,0,0,0,0,1,3,78.0,851.8,0,1
1,1,0,0,5,1,0,1,0,0,0,0,2,2,0,1,2,91.4,449.75,1,1
1,1,1,0,4,1,2,1,0,0,0,0,0,0,0,0,2,74.95,308.7,1,1
1,0,1,0,30,1,0,0,0,0,2,0,0,0,0,1,3,50.0,1474.9,0,0
0,0,1,1,11,1,0,2,1,1,1,1,1,1,2,0,1,20.9,202.3,0,0
1,0,1,0,17,0,1,0,0,2,0,0,2,2,0,1,3,49.8,836.35,0,1
0,1,0,0,34,0,1,0,0,2,2,0,2,2,0,1,2,56.25,1765.95,0,0
0,1,0,0,2,0,1,0,0,0,2,0,0,0,0,1,2,30.4,78.65,1,1
1,0,0,1,55,1,0,2,1,1,1,1,1,1,1,0,0,19.1,1001.5,0,0
0,1,0,0,5,1,0,0,2,2,0,2,0,0,0,0,1,59.9,287.85,0,0
0,0,1,1,11,1,0,2,1,1,1,1,1,1,1,1,3,20.0,196.35,0,0
0,0,0,1,1,1,0,1,0,0,0,0,0,2,0,1,2,79.6,79.6,1,1
0,0,1,0,70,1,0,2,1,1,1,1,1,1,2,0,0,19.45,1303.5,0,0
1,1,0,0,2,1,2,1,0,0,0,0,0,0,0,1,3,74.85,156.4,1,1
0,0,0,0,7,1,2,1,0,0,0,0,0,0,0,1,2,73.85,511.25,1,1
1,0,0,0,35,1,0,2,1,1,1,1,1,1,2,1,3,20.2,684.4,0,0
0,0,0,0,58,1,2,0,2,2,2,2,0,0,1,1,1,71.1,4299.2,0,0
0,0,1,1,72,1,2,1,0,2,2,2,2,2,2,1,0,109.2,7711.45,0,0
1,0,1,1,68,1,0,0,2,2,2,2,0,0,2,0,1,62.65,4375.8,0,0
1,0,0,0,26,1,0,0,0,0,0,2,2,0,1,0,1,59.45,1507.0,0,0
0,0,0,0,12,1,0,0,0,0,0,0,0,0,0,1,2,45.05,523.1,0,0
1,0,1,1,25,1,2,0,0,0,0,0,2,0,0,0,2,60.35,1404.65,0,0
1,1,1,1,72,1,2,1,2,2,2,2,2,2,2,1,0,114.95,8196.4,0,0
1,0,0,1,70,1,2,1,2,2,2,2,2,2,2,1,2,114.6,7882.5,0,0
1,1,0,1,1,1,0,0,0,0,2,0,0,0,0,1,3,50.15,50.15,1,0
1,0,0,0,26,1,2,1,2,2,0,0,0,0,0,1,1,86.65,2208.75,0,0
0,0,1,1,2,1,0,0,0,0,0,0,2,2,0,0,3,65.7,134.35,1,0
0,0,1,1,28,1,0,2,1,1,1,1,1,1,1,0,3,19.9,543.0,0,0
0,0,1,1,6,1,0,2,1,1,1,1,1,1,0,0,3,19.85,119.3,0,0
0,0,1,1,58,0,1,0,2,0,2,2,2,2,2,0,3,59.75,3624.35,0,0
0,1,1,0,29,0,1,0,2,0,2,0,0,2,0,1,2,45.0,1228.65,0,0
1,0,0,0,16,1,2,0,0,2,2,0,0,2,0,1,0,71.4,1212.1,0,0
1,1,1,0,43,1,2,1,0,2,0,0,2,2,0,1,2,101.0,4388.4,1,1
1,0,1,0,52,1,0,0,2,2,0,0,2,2,1,1,3,75.4,3865.45,0,0
0,0,1,1,72,1,2,1,2,2,2,2,2,2,2,1,0,118.75,8672.45,0,0
1,0,1,1,71,1,0,2,1,1,1,1,1,1,2,0,3,19.45,1378.45,0,0
1,0,1,0,65,1,0,2,1,1,1,1,1,1,2,1,1,20.4,1414.45,0,0
0,0,0,0,49,1,2,1,0,0,0,0,0,2,0,1,2,84.5,3906.7,0,0
1,0,0,0,52,1,0,1,0,0,2,0,0,2,0,1,1,83.8,4331.4,0,0
1,0,0,0,2,1,0,2,1,1,1,1,1,1,0,0,3,20.35,33.2,1,0
1,0,1,1,71,1,0,1,2,2,2,2,2,2,2,0,1,109.3,7782.85,0,0
1,0,0,0,54,1,2,1,0,0,2,0,0,2,0,0,1,89.4,4869.5,0,0
0,0,1,1,15,1,0,0,0,2,2,2,2,2,0,0,0,76.5,1155.6,0,0
1,0,0,0,9,0,1,0,0,0,0,0,0,0,0,1,3,24.6,190.1,0,1
1,1,1,0,50,1,2,1,2,0,2,0,2,2,2,1,1,105.05,5163.3,0,0
1,0,1,1,19,1,2,1,0,0,0,0,0,2,0,1,2,83.65,1465.75,1,1
0,1,1,0,70,1,2,1,0,2,0,2,2,2,2,1,0,104.45,7349.35,0,0
0,1,1,0,72,1,2,1,2,2,0,0,2,2,1,1,0,106.85,7677.4,0,0
1,1,1,0,52,1,2,1,0,2,2,0,2,2,1,1,0,105.1,5376.4,0,0
0,0,1,1,15,1,0,0,0,0,0,0,0,0,0,0,2,46.3,639.45,0,0
0,0,1,1,72,1,2,0,0,0,2,0,2,2,2,1,0,76.8,5468.45,0,0
1,1,0,0,3,1,2,1,0,2,0,0,0,0,0,1,2,81.35,233.7,1,1
1,0,0,0,58,1,0,1,2,2,0,0,2,2,1,0,0,99.15,5720.95,0,0
0,0,0,0,1,1,0,2,1,1,1,1,1,1,0,1,3,20.35,20.35,0,0
1,0,1,0,35,1,2,1,0,0,0,2,0,2,0,1,0,89.85,3161.2,0,0
0,0,1,1,50,1,2,1,0,0,0,0,2,0,0,1,0,84.4,4116.15,1,0
1,0,1,0,41,1,0,2,1,1,1,1,1,1,2,1,2,19.75,899.45,0,0
1,0,1,1,72,1,2,0,2,2,2,0,0,0,2,0,1,64.45,4720.0,0,0
0,0,0,0,30,1,2,0,0,2,2,0,2,0,1,1,1,68.95,2038.7,0,0
0,0,1,1,2,0,1,0,0,0,0,0,0,0,0,1,3,24.4,36.55,1,1
1,0,0,0,15,0,1,0,0,0,0,2,0,0,0,1,2,29.7,438.25,1,0
1,0,1,1,37,1,0,0,2,0,2,2,0,0,1,1,3,58.75,2203.1,0,0
1,0,1,1,72,1,0,0,0,2,2,0,2,2,2,1,0,75.4,5480.25,0,0
1,0,1,1,72,1,2,2,1,1,1,1,1,1,2,0,0,25.0,1738.9,0,0
1,0,1,0,70,1,2,1,2,2,2,2,2,2,2,0,1,114.3,8244.3,0,0
0,0,0,0,1,1,0,2,1,1,1,1,1,1,0,0,3,19.65,19.65,1,0
1,0,1,0,23,1,2,1,0,2,2,0,0,0,0,0,2,84.25,1968.1,0,0
0,0,0,0,8,1,2,1,0,0,0,0,0,0,0,1,1,74.6,548.9,0,1
1,0,0,0,2,1,0,0,0,0,0,0,0,0,0,1,1,46.0,84.5,1,0
0,0,1,1,26,0,1,0,2,2,0,2,0,0,0,0,1,38.85,1025.15,0,0
1,0,0,1,52,1,0,2,1,1,1,1,1,1,1,0,1,19.65,928.4,0,0
0,0,1,1,23,0,1,0,2,0,0,2,0,0,2,0,3,34.6,813.45,0,0
0,0,0,0,15,1,0,1,2,2,0,0,2,2,0,1,1,99.1,1426.4,1,1
1,0,1,0,40,1,0,0,0,2,0,0,0,0,0,1,3,50.15,2058.5,0,0
1,0,0,0,27,1,2,0,0,0,2,2,0,0,0,0,2,59.45,1611.65,0,0
0,0,1,0,37,1,0,2,1,1,1,1,1,1,0,0,0,19.5,805.2,0,0
1,0,0,0,45,1,0,1,2,2,2,2,2,2,1,0,1,112.2,5031.85,0,0
0,0,1,0,5,1,0,1,0,0,0,0,0,0,0,0,2,69.95,330.15,1,1
0,0,1,0,71,1,2,2,1,1,1,1,1,1,2,0,3,23.85,1672.1,0,0
1,0,0,0,4,1,0,0,0,0,0,0,0,2,0,0,2,54.3,195.3,1,0
0,0,1,1,38,1,0,2,1,1,1,1,1,1,2,1,3,20.2,746.05,0,0
1,0,0,1,3,1,0,0,2,0,2,0,0,0,0,0,3,55.9,157.55,0,0
1,0,0,0,17,1,0,2,1,1,1,1,1,1,2,0,3,19.15,343.45,0,0
1,0,1,1,70,1,2,0,2,2,2,2,2,2,2,1,1,90.15,6237.05,0,0
1,0,0,0,1,1,0,0,0,0,0,0,0,0,0,1,3,44.9,44.9,0,0
0,0,1,1,71,1,2,1,2,2,2,0,2,0,2,0,0,100.5,7030.65,0,0
1,0,0,0,37,1,2,1,2,0,0,0,2,0,0,1,2,91.15,3369.25,0,0
1,0,1,0,64,1,2,0,0,2,0,2,0,2,1,1,3,70.15,4480.7,0,0
0,1,1,0,37,1,0,1,0,0,2,2,2,0,0,0,2,90.0,3371.75,0,0
1,0,1,1,65,1,2,1,2,0,2,2,2,2,2,0,0,108.65,6937.95,1,0
0,0,0,1,23,1,0,0,0,0,0,2,0,0,1,1,2,49.45,1119.35,0,0
0,0,1,0,22,1,2,0,2,0,0,2,2,2,0,1,2,79.2,1742.75,1,0
0,1,1,0,26,1,0,0,0,0,2,0,0,2,1,0,3,60.7,1597.4,0,0
0,0,0,0,25,1,0,1,2,2,0,0,0,0,0,1,0,79.85,2015.35,1,0
0,0,1,0,60,1,0,1,2,0,0,2,2,2,2,1,2,97.2,5611.75,0,0
0,0,0,0,1,1,0,1,2,0,0,0,2,2,0,1,2,95.6,95.6,1,1
0,0,1,0,71,1,2,0,2,2,2,2,2,2,2,0,1,89.3,6388.65,0,0
0,1,0,0,27,1,2,1,0,0,0,0,0,2,0,1,2,85.25,2287.25,1,1
0,0,0,0,3,1,0,1,0,0,0,0,2,2,0,1,2,89.45,240.45,1,1
1,0,1,1,58,1,2,1,0,2,0,2,2,0,1,1,1,94.7,5430.35,0,0
0,0,0,0,14,1,0,1,0,0,2,0,0,0,0,0,2,75.35,1025.95,1,0
1,0,1,1,71,1,0,0,2,0,2,2,0,2,2,1,1,70.85,4973.4,0,0
0,0,1,1,2,0,1,0,0,0,0,2,0,0,0,0,0,29.05,44.75,0,0
0,0,0,0,40,1,0,2,1,1,1,1,1,1,2,1,0,20.6,827.3,0,0
1,0,1,1,68,1,2,2,1,1,1,1,1,1,2,0,0,25.4,1620.2,0,0
0,1,0,0,57,1,2,1,2,0,2,2,0,2,2,0,1,101.3,5779.6,0,0
0,0,0,0,45,1,2,1,0,0,2,2,0,0,0,1,2,87.25,3941.7,1,0
1,0,1,1,70,1,2,1,2,2,2,2,2,2,2,1,1,116.55,8152.3,0,0
1,0,1,0,68,1,2,1,2,2,0,2,2,2,0,1,2,107.7,7320.9,0,0
0,0,1,0,52,1,2,1,0,2,0,2,2,2,0,1,1,102.7,5138.1,0,0
0,0,1,0,72,1,2,1,2,2,2,2,2,2,2,0,2,115.15,8349.7,0,0
1,1,0,0,24,1,2,1,0,0,0,0,0,0,0,1,2,76.1,1712.7,1,1
1,0,1,1,67,1,0,0,2,0,2,2,0,0,2,1,0,60.4,3953.7,0,0
0,0,0,0,68,0,1,0,2,2,2,2,2,2,2,0,1,64.35,4539.6,0,0
1,0,1,1,23,1,0,2,1,1,1,1,1,1,2,0,1,19.6,426.65,0,0
1,0,1,0,71,0,1,0,0,2,0,0,2,2,2,0,2,49.35,3515.25,1,0
0,0,0,0,1,0,1,0,0,0,0,0,0,0,0,0,3,24.4,24.4,0,1
0,0,1,1,71,1,0,2,1,1,1,1,1,1,2,0,0,20.5,1500.95,0,0
1,1,1,0,69,1,2,1,2,0,2,2,2,2,1,1,3,110.55,7610.1,0,0
0,1,1,0,40,1,0,1,0,2,0,2,2,2,1,1,1,99.2,4062.2,1,0
0,1,0,0,18,1,0,1,0,0,2,0,0,2,0,1,2,84.95,1443.65,0,1
1,0,0,0,22,1,2,1,0,0,0,0,2,2,0,1,1,94.65,2104.55,1,1
1,0,1,1,69,0,1,0,2,0,2,2,0,0,2,0,3,39.1,2779.5,0,0
0,1,0,0,62,1,2,1,0,0,0,0,2,0,1,0,2,84.45,4959.15,0,0
0,0,0,0,56,1,0,2,1,1,1,1,1,1,2,0,0,19.7,1051.9,0,0
0,0,0,0,7,1,0,2,1,1,1,1,1,1,1,0,3,19.9,173.15,0,0
1,0,0,0,1,1,0,2,1,1,1,1,1,1,0,0,3,18.9,18.9,0,0
1,0,1,1,6,1,0,2,1,1,1,1,1,1,0,0,3,19.55,122.9,0,0
1,0,0,0,2,1,2,1,0,0,0,0,2,0,0,1,2,85.65,181.5,1,1
1,1,1,0,16,1,0,0,2,2,0,0,0,0,0,1,0,54.55,825.1,0,0
1,0,0,0,2,1,0,2,1,1,1,1,1,1,0,0,3,19.85,51.6,0,0
0,0,1,0,72,1,2,0,2,2,0,2,2,2,2,1,0,86.4,6058.95,0,0
0,0,1,1,7,0,1,0,2,0,0,2,0,0,0,0,3,34.65,246.6,0,0
0,0,1,1,19,0,1,0,0,0,0,0,0,0,0,1,3,24.85,434.8,0,0
0,0,1,0,14,1,0,1,0,0,0,0,0,2,0,1,2,78.1,1122.4,0,1
1,0,0,0,64,1,2,1,0,2,0,2,2,2,1,1,1,105.65,6903.1,1,0
0,0,0,0,25,1,2,0,2,2,2,2,2,0,0,1,0,78.35,1837.9,0,0
1,0,1,1,70,1,2,0,0,2,2,2,2,2,2,1,1,85.95,5931.75,0,0
1,0,0,0,66,1,0,2,1,1,1,1,1,1,2,0,0,19.35,1240.8,0,0
1,0,0,1,1,1,0,1,0,0,0,0,0,0,0,1,2,71.65,71.65,1,1
0,0,1,0,53,1,2,1,0,0,0,2,0,2,1,1,2,91.15,4862.5,0,0
0,0,0,0,6,1,0,0,2,2,0,0,0,0,0,0,2,56.25,389.1,1,0
0,0,0,0,59,1,0,1,0,0,2,0,2,2,2,0,2,95.8,5655.45,0,0
1,0,0,0,31,1,0,1,0,2,0,2,0,0,0,1,2,78.45,2435.15,1,0
1,0,0,0,3,1,2,1,0,0,0,0,0,0,0,1,2,74.4,229.55,1,1
0,0,0,1,15,1,0,1,0,0,0,0,0,0,0,0,0,69.0,994.8,1,0
1,0,0,0,48,1,2,1,0,2,2,0,2,2,1,1,1,106.1,5082.8,1,0
1,0,1,1,2,1,2,0,2,0,0,0,0,0,0,0,3,56.7,113.55,1,0
1,1,1,0,70,1,2,1,0,2,2,0,2,2,0,1,2,102.95,7101.5,1,0
0,0,0,0,2,1,2,1,0,0,2,0,2,0,0,1,2,91.4,193.6,1,1
1,0,1,0,47,1,2,1,2,0,2,2,2,2,1,1,1,110.85,5275.8,1,0
0,0,0,1,24,1,0,2,1,1,1,1,1,1,1,0,0,21.05,531.55,0,0
1,0,1,0,31,1,0,1,0,0,2,0,2,2,1,1,2,93.8,2939.8,0,0
0,0,0,0,54,1,2,1,0,2,2,2,2,2,0,0,2,111.1,6014.85,1,0
1,0,0,0,1,1,0,0,0,0,2,2,0,0,0,0,3,55.05,55.05,0,0
0,0,1,1,12,0,1,0,2,0,0,2,0,0,1,0,1,33.15,444.75,0,0
0,0,0,0,2,1,0,2,1,1,1,1,1,1,0,0,0,18.75,53.15,0,0
1,0,1,0,48,1,2,0,0,2,2,0,0,2,1,1,1,70.55,3420.5,0,0
0,1,1,0,1,1,2,1,0,0,0,0,0,0,0,1,2,74.45,74.45,1,1
1,0,1,0,71,1,2,0,2,2,0,2,0,0,2,0,0,65.15,4681.75,0,0
1,0,0,0,1,1,0,2,1,1,1,1,1,1,0,1,2,19.85,19.85,1,0
1,0,0,1,56,1,2,2,1,1,1,1,1,1,2,1,3,24.8,1424.2,0,0
1,0,0,0,2,1,0,2,1,1,1,1,1,1,0,0,3,20.05,33.7,0,0
0,1,1,0,66,1,2,0,0,2,2,0,2,2,2,1,0,80.55,5265.1,1,0
1,0,1,1,50,1,0,2,1,1,1,1,1,1,1,1,3,20.35,938.95,0,0
0,1,0,0,63,1,2,1,0,0,2,0,0,2,0,1,0,89.6,5538.8,0,0
1,0,0,0,1,1,0,0,0,0,0,0,0,0,0,1,3,45.05,45.05,1,0
0,0,0,0,6,0,1,0,0,0,0,2,2,2,1,1,3,49.25,255.6,0,0
0,0,0,0,5,1,0,0,0,2,0,0,0,0,0,0,0,50.55,244.75,0,0
0,0,1,1,35,1,2,0,2,0,2,2,2,0,0,0,2,72.25,2568.55,1,0
0,0,0,0,71,1,2,1,2,2,2,2,2,2,2,1,2,118.65,8477.6,0,0
0,0,0,0,42,1,0,0,0,0,2,2,0,2,2,0,1,66.5,2762.75,0,0
0,0,1,0,64,1,0,2,1,1,1,1,1,1,2,0,1,19.45,1208.6,0,0
1,0,0,0,1,1,0,0,2,0,0,0,0,0,0,1,1,49.8,49.8,0,0
1,0,0,0,1,1,0,1,0,0,0,0,0,0,0,1,2,69.85,69.85,1,1
1,0,1,0,69,1,2,1,2,2,2,2,0,2,1,1,1,107.2,7317.1,0,0
1,0,1,0,33,1,2,1,0,2,2,0,0,2,0,1,2,93.35,3092.0,0,1
0,0,1,1,20,1,0,2,1,1,1,1,1,1,0,0,2,20.0,417.65,0,0
1,0,1,1,13,1,2,2,1,1,1,1,1,1,1,0,0,24.5,343.6,0,0
0,0,0,0,28,1,0,0,2,2,0,0,0,0,0,0,2,56.05,1522.65,0,0
0,0,1,1,72,1,2,0,2,2,2,2,0,2,2,0,0,80.85,5824.75,0,0
1,0,0,0,9,1,0,1,0,0,0,0,0,0,0,1,2,70.5,597.9,0,1
0,0,0,0,72,1,2,1,0,0,2,2,2,2,2,1,1,107.5,7853.7,0,0
0,1,0,0,52,1,2,0,2,0,2,0,0,0,2,0,0,59.85,3103.25,0,0
0,0,1,0,34,1,2,0,2,0,0,2,0,0,0,1,0,60.85,2003.6,0,0
1,0,1,1,71,1,0,1,2,2,2,2,2,0,2,0,1,100.2,7209.0,0,0
0,0,0,0,6,1,0,2,1,1,1,1,1,1,2,0,1,19.65,116.85,0,0
0,0,1,0,31,1,0,0,2,0,0,2,0,2,1,1,2,64.0,1910.75,0,0
0,1,1,0,1,1,2,1,0,2,0,0,2,0,0,1,2,90.6,90.6,1,1
0,0,1,1,49,1,2,2,1,1,1,1,1,1,2,0,3,25.25,1211.65,0,0
0,0,0,0,27,1,0,2,1,1,1,1,1,1,2,1,0,20.25,538.2,0,0
0,0,1,0,53,1,0,1,0,0,0,2,2,2,1,1,2,93.45,4872.2,0,0
0,1,1,0,35,1,2,1,2,2,0,2,2,0,0,1,0,100.5,3653.35,1,0
1,0,0,0,2,1,0,1,0,2,0,0,2,2,0,0,2,95.65,167.3,1,1
0,0,1,0,46,0,1,0,0,0,0,0,2,2,0,1,2,43.95,2007.85,0,0
0,0,0,0,35,1,0,2,1,1,1,1,1,1,0,0,0,19.25,617.65,0,0
1,0,0,0,9,1,0,1,0,0,2,0,0,0,0,1,2,73.8,704.3,0,1
1,0,0,0,64,1,2,1,0,2,2,0,2,2,2,1,0,104.4,6692.65,0,0
0,0,0,0,13,1,0,1,0,2,2,0,0,0,0,1,2,79.25,1111.65,1,1
0,0,0,0,55,1,0,1,0,2,2,0,0,0,0,1,2,81.55,4509.5,0,0
0,0,1,1,51,1,2,1,2,2,0,0,0,2,0,1,2,93.8,4539.35,0,0
0,0,1,1,5,1,2,2,1,1,1,1,1,1,0,1,3,24.3,132.25,0,0
1,0,1,1,20,1,0,1,0,0,0,0,0,0,0,1,2,70.45,1470.95,1,0
0,0,1,1,23,1,2,2,1,1,1,1,1,1,2,1,1,25.6,514.75,0,0
1,1,1,1,61,1,2,1,0,2,0,0,2,2,1,0,2,99.0,5969.3,0,0
0,0,1,1,54,1,0,0,2,0,2,2,0,2,2,0,0,69.95,3871.85,0,0
1,0,0,0,15,1,2,1,0,0,0,0,0,0,0,1,3,76.0,1130.85,1,1
0,0,1,1,64,1,2,2,1,1,1,1,1,1,1,0,3,24.9,1595.5,0,0
0,0,0,1,18,1,2,0,2,0,0,0,0,2,0,0,2,64.8,1166.7,0,0
1,0,0,0,52,1,2,1,0,2,2,0,2,2,0,1,2,103.05,5364.8,0,0
1,0,0,0,17,1,0,2,1,1,1,1,1,1,1,1,3,20.1,279.5,0,0
0,0,1,1,27,1,0,2,1,1,1,1,1,1,2,0,3,19.9,550.1,0,0
0,0,1,0,58,1,2,1,2,2,2,0,2,2,1,1,1,110.65,6526.65,0,0
0,0,1,1,68,1,2,1,2,0,2,2,2,2,2,1,0,109.05,7508.55,0,0
1,0,0,0,1,1,0,2,1,1,1,1,1,1,0,0,2,19.2,19.2,0,0
0,0,1,0,55,1,2,0,2,2,0,2,0,0,1,1,1,66.05,3462.1,0,0
0,0,0,0,1,1,0,0,0,0,0,0,0,0,0,0,3,45.3,45.3,0,0
0,0,1,0,72,1,2,0,2,0,2,2,2,2,2,1,1,84.4,6096.45,0,0
0,0,0,0,6,0,1,0,0,0,0,0,2,2,0,0,1,45.0,298.7,0,1
0,0,1,0,60,1,2,1,0,2,0,0,2,2,0,1,2,99.8,5985.75,0,0
1,0,1,1,61,1,2,1,2,2,0,0,2,2,1,1,2,106.0,6547.7,1,0
0,0,0,0,2,1,0,2,1,1,1,1,1,1,0,0,3,20.65,38.7,1,0
1,0,0,0,63,1,2,0,2,2,2,2,0,0,1,0,2,71.5,4576.3,0,0
0,0,0,0,17,1,0,1,0,2,0,0,2,0,0,1,2,83.55,1329.15,0,1
1,1,1,0,58,1,2,1,0,0,2,0,2,2,0,1,2,98.7,5812.6,1,1
0,0,0,1,26,1,2,0,0,0,0,0,0,0,0,1,3,49.5,1265.65,0,0
0,0,1,1,53,0,1,0,2,2,2,0,0,2,0,1,0,48.7,2495.2,0,0
0,0,0,0,25,1,0,2,1,1,1,1,1,1,0,1,1,19.2,532.1,0,0
0,0,0,0,1,1,0,1,0,2,2,0,0,0,0,1,2,82.3,82.3,1,1
0,0,1,1,24,1,0,2,1,1,1,1,1,1,2,1,1,21.1,490.65,0,0
0,0,1,0,2,1,0,0,0,0,2,0,2,2,0,0,1,69.0,147.8,0,0
1,0,0,0,1,1,0,2,1,1,1,1,1,1,0,0,3,19.55,19.55,1,0
0,0,1,0,67,1,2,0,2,2,2,0,0,2,1,0,3,75.1,5064.45,0,0
1,0,1,0,17,0,1,0,0,0,2,2,2,2,1,0,2,54.6,934.8,0,0
1,0,0,0,11,1,0,1,0,0,0,0,0,0,0,0,2,70.2,760.05,0,0
1,0,0,0,51,1,2,2,1,1,1,1,1,1,2,0,3,24.75,1234.6,0,0
0,0,0,0,3,1,0,1,0,0,0,0,0,0,0,1,2,69.85,199.85,0,1
0,1,0,0,1,1,0,1,0,0,0,0,2,0,0,1,2,79.2,79.2,1,1
0,0,0,1,1,1,0,1,0,0,0,0,0,0,0,1,2,69.65,69.65,1,1
0,1,1,0,72,1,2,0,2,2,2,0,2,2,2,1,1,84.1,6129.65,0,0
1,0,0,0,19,1,0,0,0,2,0,2,0,2,1,1,0,65.35,1231.85,0,0
1,0,0,0,65,1,2,2,1,1,1,1,1,1,2,0,3,25.75,1654.75,0,0
0,0,0,0,45,1,0,1,2,2,0,0,2,2,1,1,2,100.3,4483.95,0,0
1,0,1,0,5,1,2,1,2,0,0,0,0,2,0,1,2,89.15,413.25,0,1
0,0,0,0,56,0,1,0,0,0,0,0,2,2,0,1,1,44.85,2564.95,0,0
0,1,0,0,4,1,2,1,0,0,0,0,0,0,0,1,2,74.45,294.45,0,1
0,0,0,0,64,1,2,0,2,2,2,2,2,2,2,1,1,86.4,5442.05,0,0
0,0,1,1,41,1,0,2,1,1,1,1,1,1,2,0,0,19.7,804.25,0,0
0,0,0,0,35,1,0,0,2,2,2,0,0,0,0,0,2,60.55,1982.6,0,0
0,0,0,0,1,0,1,0,0,0,0,0,0,0,0,0,3,25.2,25.2,1,1
0,1,0,0,3,1,2,1,0,2,0,0,0,0,0,1,2,79.4,205.05,1,1
1,1,1,0,61,1,2,2,1,1,1,1,1,1,2,0,0,25.0,1501.75,0,0
1,1,0,0,1,1,2,1,0,0,0,0,0,0,0,1,2,73.65,73.65,1,1
0,0,0,1,35,1,0,0,2,2,0,0,0,0,1,0,1,55.6,2016.45,0,0
0,0,1,1,69,1,2,1,2,2,2,2,2,2,2,0,1,113.25,7895.15,0,0
0,0,1,0,64,1,0,0,0,2,2,2,0,2,2,1,3,68.3,4378.8,0,0
1,0,1,1,51,1,2,1,2,2,0,2,2,2,1,0,1,110.05,5686.4,0,0
1,0,1,1,17,1,0,2,1,1,1,1,1,1,1,0,0,19.9,329.75,0,0
0,0,1,1,69,0,1,0,2,0,2,0,0,2,2,1,1,43.95,2960.1,0,0
1,0,0,1,1,0,1,0,0,2,0,0,0,0,0,1,3,31.35,31.35,1,1
